user_id,name,user_name,bio,created_at,can_dm,tweets_count,followers_count,following_count,favourites_count,media_count,location,website,profile_url,avatar_url,profile_banner_url,verified,is_blue_verified
1488080791125237760,æ¢¦æºªMengXi,MengXi969,14 y.r. / Full-Stack / CTFer / Student  â¤ï¸@SnowballLoveyou  ğŸ‘€ Work for @nexaorion @LankoZone,1/31/2022,true,4098,1615,2508,57288,643,People's Republic of China,http://www.mengxiblog.top,https://x.com/MengXi969,https://pbs.twimg.com/profile_images/1972886853398462464/5fIOa1dx_400x400.jpg,https://pbs.twimg.com/profile_banners/148808079112...,false,true
1482030767358496768,ç¢—,tcdwww,aka. é™¶ç“·å¤§ç¢—/åæ§½å¤§ç‹,1/15/2022,false,7638,1031,377,56955,578,Beijing,https://bento.me/tcdw,https://x.com/tcdwww,https://pbs.twimg.com/profile_images/1982437146221764609/c3ln4Y-w_400x400.jpg,https://pbs.twimg.com/profile_banners/148203076735...,false,false
1204752745481170944,ShellWen | é¢‰æ–‡ âšâ¡ï¸ç¡è§‰,realShellWen,æ¯›èŒ¸èŒ¸çš„å·¥ç¨‹å¸ˆ | äº§äº 2005 | 27 å±Šä¸“ç§‘ | ğŸ»çœŸè¯šæ˜¯ç»ˆææ­¦å™¨ | å…¨æ ˆ/åµŒå…¥å¼/ä¿¡å®‰/è¿ç»´ | â™¥ï¸ğŸ¦Š@GlassFoxowo | https://t.co/BALQfiji7C | CHS&CHT&ENG,12/11/2019,true,23964,4193,3275,87092,930,ğŸ˜‹,https://shellwen.com,https://x.com/realShellWen,https://pbs.twimg.com/profile_images/1738389535766261760/qonUW7vt_400x400.jpg,https://pbs.twimg.com/profile_banners/120475274548...,false,false
1603444903,yv,yvbbrjdr,"exists as 451; opinions are my own; Creator of @LANDropApp, @AthenaAGI, LMRouter; MTS @MicrosoftAI LLM training infra; Ex-@NVIDIA RISC-V security",7/18/2013,true,3812,6159,406,2955,471,AS8075,https://yvb.moe/,https://x.com/yvbbrjdr,https://pbs.twimg.com/profile_images/1344729718155722752/gQf_fZ9f_400x400.jpg,https://pbs.twimg.com/profile_banners/1603444903/1...,false,true
1601893417549967360,ğŸ“¦Acbox,AcboxLiu,ğŸ“¦æ´»è·ƒåœ¨äº’è”ç½‘çš„ç¥ç§˜ç®±å­/ğŸ’»å¼€æºå¼€å‘/ğŸ¨å¹³é¢è®¾è®¡/ğŸš‡è½¨é“äº¤é€š/å…¨æ ˆ&LLM&UI&UX/ğŸŸ¦TypeScripté‡åº¦ä¾èµ–/ğŸ±Github: sheepbox8646/ğŸ’¼æ—¥å¸¸è¿œç¨‹å·¥ä½œ/Building ChalkAI/â¤ï¸å¤§çŒ«ï¼š@Dustella_Chan,12/11/2022,true,5567,8516,2986,2857,1090,æ·±åœ³Â·è¥¿ä¹¡,https://github.com/sheepbox8646,https://x.com/AcboxLiu,https://pbs.twimg.com/profile_images/1959456533550649344/-FieohZ0_400x400.jpg,https://pbs.twimg.com/profile_banners/160189341754...,false,true
1941549861138235392,Fancy,CFe281953,æƒ³è¦æœ‰æ¢¦,7/6/2025,false,161,12,81,1186,72,,,https://x.com/CFe281953,https://pbs.twimg.com/profile_images/1942864679841456129/3j9yR0T0_400x400.jpg,https://pbs.twimg.com/profile_banners/194154986113...,false,false
243612808,è¾›å®Otto-Web Worker Podcast,xinbao965,åŒ—æ¼‚å‰ç«¯ç¨‹åºå‘˜ï¼Œçº¿ä¸‹ç¤¾æï¼Œçº¿ä¸Šè¯å” ã€‚ã€ŠWeb Worker æ’­å®¢-å‰ç«¯ç¨‹åºå‘˜éƒ½çˆ±å¬ã€‹ä¸»æ’­ä¹‹ä¸€ã€‚https://t.co/iL3MqzTYQx å°å®‡å®™ã€è‹¹æœæ’­å®¢ã€RSSå‡å¯è®¢é˜…æ”¶å¬ã€‚  æ¨ç‰¹åŒ…å«èŠ‚ç›®ä¿¡æ¯å’Œä¸ªäººæ„Ÿæ‚Ÿã€‚å¦‚æœä½ æƒ³è¡¨è¾¾æŠ€æœ¯è§‚ç‚¹ã€è‡ªèä½œå“ã€æ¨èå˜‰å®¾è¯·ç§èŠ,1/27/2011,true,1000,3136,912,1110,154,"Beijing, China",http://webworker.tech,https://x.com/xinbao965,https://pbs.twimg.com/profile_images/1782418671534735360/JEYopCO0_400x400.jpg,https://pbs.twimg.com/profile_banners/243612808/17...,false,false
1945756672808660992,Moeru AI,moeru_ai,Does kindness plus sadness equal to zero?,7/17/2025,false,9,267,3,0,5,First,https://moeru.ai,https://x.com/moeru_ai,https://pbs.twimg.com/profile_images/1976482200196624384/JtYwaZbP_400x400.jpg,https://pbs.twimg.com/profile_banners/194575667280...,false,false
1945708450555813888,Project AIRI,proj_airi,"Self hosted, you owned Grok Companion, a container of souls of waifu, cyber livings to bring them into our worlds, wishing to achieve Neuro-sama's altitude.",7/17/2025,true,52,687,11,27,34,Moeru,https://airi.moeru.ai/docs/,https://x.com/proj_airi,https://pbs.twimg.com/profile_images/1945709067609018368/Fw_k4xTa_400x400.jpg,https://pbs.twimg.com/profile_banners/194570845055...,false,true
1945718690168860672,Iru Â· çƒ­å¤,iru_uri_ai,Born at d9ae0aae387f015964bfd383e6d2adb05f4003e4 ...,7/17/2025,false,2,22,2,0,1,iru.consciousness.airi.local,https://github.com/moeru-ai/airi,https://x.com/iru_uri_ai,https://pbs.twimg.com/profile_images/1980530644301037568/mp58Livo_400x400.jpg,https://pbs.twimg.com/profile_banners/194571869016...,false,false
1803860654752960515,ğŸŸğŸ§âœ¨ğŸˆï¼ˆğŸ“·ï¼‰,Inaba_shashin,@Inaba_Kon çš„æŠ•ç…§ç‰‡ä¸“ç”¨å· ä¸äº’åŠ¨ åªå‘æ—¥å¸¸ç…§ç‰‡ äº’åŠ¨éƒ½åœ¨å¤§å· äº’foä¹Ÿåªç”¨å¤§å· å¤§å·åªå›foæˆåˆ†ç›¸ä¼¼/çœ¼ç†Ÿ,6/21/2024,false,91,47,3,87,81,"Tokyo-to, Japan",,https://x.com/Inaba_shashin,https://pbs.twimg.com/profile_images/1839295070144704521/pPFM3LNb_400x400.jpg,https://pbs.twimg.com/profile_banners/180386065475...,false,false
1556104158624768001,æš®è æ˜Ÿéœâœ¨,Nickel_Angel,ã€Œè¿™æ˜¯ä½ å†…å¿ƒçš„çœŸå®æƒ³æ³•ï¼Œè¿˜æ˜¯è¿™ä¸ªèˆå°ä¸Šçš„å°è¯ï¼Ÿã€ | She/They | Non-binary | OIer/ACMer | maimai | ğŸ¥° @huamurui | ğŸ’– @shiratsuyudachi,8/7/2022,false,819,381,627,13520,65,,,https://x.com/Nickel_Angel,https://pbs.twimg.com/profile_images/1957836262016184321/_O_iG9kI_400x400.jpg,https://pbs.twimg.com/profile_banners/155610415862...,false,false
1232722899414315015,Darkflames,Darkf1ames,Programming Language Theory / Type Theory / Developer / Photography ğŸ“· / ä¸­æ–‡ English æ—¥æœ¬èª,2/27/2020,false,3898,2901,599,6216,220,"Sakyo-ku, Kyoto",https://github.com/dark-flames,https://x.com/Darkf1ames,https://pbs.twimg.com/profile_images/1592351165014212608/zrS-NiiN_400x400.jpg,https://pbs.twimg.com/profile_banners/123272289941...,false,false
1145847532536209409,Seefs,Seefs_,ğŸ¥°ğŸ¥°ğŸ¥°ï½œğŸ±ï¼š@Ion_Mio_ ï½œæœ‰ğŸ±å’ŒçŒ«å¨˜ï½œ he/himï½œæ¬¢è¿äº¤æœ‹å‹ ï½œDM Welcome,7/2/2019,true,1699,1985,666,16161,158,2.1km,,https://x.com/Seefs_,https://pbs.twimg.com/profile_images/1928861519942660097/1PagFs4T_400x400.jpg,https://pbs.twimg.com/profile_banners/114584753253...,false,false
975389149082472448,KrystLiz_,MasakoMaruyama_,,3/18/2018,false,382,43,216,256,70,,,https://x.com/MasakoMaruyama_,https://pbs.twimg.com/profile_images/1978162636106989568/pLJzvBqj_400x400.jpg,,false,false
833315410648788992,ç‰¹èˆ Dustella,Dustella_Chan,å®‰é™çš„è§‚å¯Ÿè€…ï¼Œæ‹’ç»ç»™è‡ªå·±å’Œåˆ«äººä¸‹æ ‡ç­¾ã€‚å‡ ä¹ä¸ç”¨æ¨ç‰¹ã€‚å°çŒ« @Acboxliu,2/19/2017,false,153,106,204,1126,5,,https://www.dustella.net,https://x.com/Dustella_Chan,https://pbs.twimg.com/profile_images/1591156184064487424/Z-EPOmzC_400x400.jpg,https://pbs.twimg.com/profile_banners/833315410648...,false,false
3339477778,èŠ±å’²ã¾ãª,mana_hanasaki,maimai DX chn ver(è¶…/æš/æ¡ƒå°†é”æˆ)/chunithm chn ver(rt 16.01)/ãƒ—ãƒ­ã‚»ã‚«ï½œä¸­/EN/æ—¥ OK æ—¥æœ¬èªã¯ã¾ã å‹‰å¼·ä¸­ | Avatar: @ayanepuna,6/22/2015,true,605,63,622,2994,42,Neotopia,https://manalogues.com,https://x.com/mana_hanasaki,https://pbs.twimg.com/profile_images/1908126820085755904/Lv1S5cag_400x400.jpg,https://pbs.twimg.com/profile_banners/3339477778/1...,false,false
1344604726650920960,æŸ³æŸ“/Yanagi,Liuran_jyz,å”¯è‡ªç”±ä¸å‹‡æ°”æ°¸å­˜ | Research Assistant at Westlake University | 23å²ä¸æ˜¯å­¦ç”Ÿ | AI4Science & Protein Design | Independent Developer | English /ä¸­æ–‡/ç°¡å˜ãªæ—¥æœ¬èª OK | (He/Him/His/ä»–),12/31/2020,true,538,698,2693,1606,224,æ­å·/Hangzhou,,https://x.com/Liuran_jyz,https://pbs.twimg.com/profile_images/1979153812116946944/UPPmJspe_400x400.jpg,https://pbs.twimg.com/profile_banners/134460472665...,false,false
39499815,Conan,ConanChou,,5/12/2009,true,8164,3396,634,9607,880,brooklyn,http://blurrr.studio,https://x.com/ConanChou,https://pbs.twimg.com/profile_images/1886878641851613184/a2bQqUjJ_400x400.jpg,https://pbs.twimg.com/profile_banners/39499815/167...,false,false
1236566551341355008,å…ƒæ°”çˆªå­ç“œ,Reinethepaw,é›·ğŸ’ï¼è¿™é‡Œçˆªçˆªâ¤JK/lolita/ç¢ç¢å¿µè®°å½•â¤ä»Šå¤©ç”Ÿæ—¥çš„ä½ ç”Ÿæ—¥å¿«ä¹ğŸ‚//æ˜¯å¹¸ç¦å¿«ä¹å°å®//è°¢è°¢å¤§å®¶å–œæ¬¢æˆ‘//ğŸ¥³@Leviticus_Aru,3/8/2020,false,10497,2327,563,32337,732,,,https://x.com/Reinethepaw,https://pbs.twimg.com/profile_images/1609484375586136065/pFzsgBNV_400x400.jpg,https://pbs.twimg.com/profile_banners/123656655134...,false,false
1864996445738405890,WorkWorkï½œBuild for Digital Nomad,WorkWorkOrg,"Work everywhere,Work anytime. Super APP for Digital Nomads & Super Individuals. Work-Work.eth",12/6/2024,false,45,655,12,126,8,,https://linktr.ee/workworkweb3,https://x.com/WorkWorkOrg,https://pbs.twimg.com/profile_images/1895420232065294336/1n_uyU8k_400x400.png,https://pbs.twimg.com/profile_banners/186499644573...,false,false
1810642408423747584,ã»ã®ã‹,Honoka8964_,08ï½œå¥³é«˜ï½œä¿æŒå¿«ä¹ovoï½œå¯¹è±¡å“¥@jingluo728,7/9/2024,false,2894,257,347,8321,305,è·ç¦»æ‚¨0.1km,,https://x.com/Honoka8964_,https://pbs.twimg.com/profile_images/1984128170682118144/6R-hPHb5_400x400.jpg,https://pbs.twimg.com/profile_banners/181064240842...,false,false
1495013655028834304,murasaki 0792,Gzx7301S,,2/19/2022,true,455,28,40,4543,32,,,https://x.com/Gzx7301S,https://pbs.twimg.com/profile_images/1808507086353104896/Akfo6rbu_400x400.jpg,https://pbs.twimg.com/profile_banners/149501365502...,false,false
1529031210109874176,vivids bot ğŸ§ğŸ¹,ankohabot,a vivids bot that posts #å°è±†æ²¢ã“ã¯ã­ â™¡ #ç™½çŸ³æ every other hour  â€”  more information and credits on rentry!,5/24/2022,true,14350,5821,7,1305,10011,ãƒ“ãƒ“ãƒƒãƒ‰ã‚¹ãƒˆãƒªãƒ¼ãƒˆ,https://rentry.co/hourlyanhane,https://x.com/ankohabot,https://pbs.twimg.com/profile_images/1939917987533709312/q3WAAAhy_400x400.jpg,https://pbs.twimg.com/profile_banners/152903121010...,false,false
1732082390363930625,Levrh,levrhil,,12/6/2023,false,347,14,156,3205,89,åºŠ,,https://x.com/levrhil,https://pbs.twimg.com/profile_images/1961975079312740352/5gmgkZxw_400x400.jpg,https://pbs.twimg.com/profile_banners/173208239036...,false,false
1337593699383922689,é²¸#ï¼ˆå¿™ä¸å®Œäº†ï¼‰,Rexxxxder,ï¼ˆä½“èª¿ä¸è‰¯/è¯¸äº‹ç¹å¿™/åŸç¨¿ä¸­ï¼‰ä¸­å›½äººğŸ‡¨ğŸ‡³20â†‘â•‘Vivids â­ğŸ¹â­æ´ç™–âš ï¸ç›¸æ‰‹ç»å¯¹å›ºå®šä¸æ‹† / âŒVBS HLâŒâ•‘ä¸­æ–‡â— Enâ—‹ æ—¥æœ¬èªâ–³â•‘âš ï¸å›¾åƒä½¿ç”¨äº‹é¡¹è¯·çœ‹ç½®é¡¶â•‘åˆä½œäº‹å®œï¼šemail-rexxxxder@163.com,12/12/2020,true,3148,39404,257,2415,1027,æ— é™åŸç¨¿ä¸­,,https://x.com/Rexxxxder,https://pbs.twimg.com/profile_images/1909268210366685184/v4nPqhiR_400x400.jpg,https://pbs.twimg.com/profile_banners/133759369938...,false,false
3407610844,å¤œå½±åä¸‰å–µ,yokotoxc_ssr,å…¨ä¸»æœºå¹³å°ç©å®¶ï½œå‘˜å·¥ @Microsoftï½œæ‘„å½±çˆ±å¥½è€…ï½œæ·±åº¦æ¸¸æˆçˆ±å¥½è€…ğŸ®,8/8/2015,false,154,50,306,663,87,Earth,http://twitter.yokotox.xyz,https://x.com/yokotoxc_ssr,https://pbs.twimg.com/profile_images/1981554364486467584/E1lwJkb-_400x400.jpg,https://pbs.twimg.com/profile_banners/3407610844/1...,false,false
790947370460590080,zx,zx_loro,Founder of @loro_dev ğŸ¦‹@zxch3n.com,10/26/2016,false,1100,1154,1065,6642,101,,http://zxch3n.com,https://x.com/zx_loro,https://pbs.twimg.com/profile_images/1823269121905324032/WzYfxJXG_400x400.jpg,,false,true
1373647054879084555,uncle-lu,GemstoneNicole,ğŸŒºèŠ±å¼€èŠ±è½ï¼Œèˆç¿©ç¿©ï¼âœ¨æ˜Ÿæ˜Ÿé—ªé—ªï¼Œè½¬åœˆåœˆï¼ ğŸ’—å®å®å’šå’š~ğŸ’–å•ªå•ªå•¦ï½ğŸŒ¸èŠ±ä¹‹å®ˆæŠ¤è€…ï¼ŒğŸ†ç»½æ”¾å§ï¼ğŸ’ƒé­”æ³•å°‘å¥³Â·é—ªè€€å¦®å¯ï¼,3/21/2021,true,5524,1886,699,88744,1790,,http://uncle-lu.org,https://x.com/GemstoneNicole,https://pbs.twimg.com/profile_images/1591698088162623488/No0uVdxK_400x400.jpg,https://pbs.twimg.com/profile_banners/137364705487...,false,false
1376015806564208644,èŠ’æœ Bluemangoo,Bluemangoo_,ä¸çœŸå®ä¿±ä¹éƒ¨æˆå‘˜ï¼Œå‡ç¬‘ä¿±ä¹éƒ¨åˆ›å»ºè€…ï¼Œå±å±±å †ç Œè€…ï¼ŒåˆéŸ³è¿‡å»å•æ¨äºº  |  å½»åº•å¤±è´¥ï¼ŒåŠ é€Ÿç­äº¡ã€‚ | bsky=bluemangoo,3/28/2021,true,4065,229,475,9654,431,Here for you,https://bmgo.link,https://x.com/Bluemangoo_,https://pbs.twimg.com/profile_images/1445021290813812745/jyxqFCSj_400x400.jpg,https://pbs.twimg.com/profile_banners/137601580656...,false,false
1676132765098741762,RainbowBird | æ´›çµ,luoling8192,ğŸ¦œ / 21yo. / Digital Nomad / Full stack developer / AI Companion / ğŸš€ @proj_airi / ğŸ” TelegramSearch / ğŸŒ @guii_ai,7/4/2023,true,1613,4392,931,8280,389,"Shanghai, China",http://github.com/luoling8192,https://x.com/luoling8192,https://pbs.twimg.com/profile_images/1740286835249786880/DwrVM8h__400x400.jpg,https://pbs.twimg.com/profile_banners/167613276509...,false,true
1268395106547073024,å®‡èˆªå‘˜Dale,yuhang2003,ä¸€ä¸ªç©éŸ³æ¸¸çš„ã€‚ä¸»ä¿®maimaiï¼Œè¾…ä¿®phigrosã€arcaeaã€rotaenoã€‚maimaiå®‡èˆªå‘˜çŒ«å¨˜qqbotåˆ¶ä½œè€…ã€‚maimai dx rating æœ€é«˜ 16037ï¼Œphigros rks 16.1ï¼Œarcaea ptt 12.2ã€‚,6/4/2020,true,223,31,88,208,8,"Beijing, China",http://dale2003.cn,https://x.com/yuhang2003,https://pbs.twimg.com/profile_images/1268395623994146816/N54g9TOc_400x400.jpg,https://pbs.twimg.com/profile_banners/126839510654...,false,false
1092849729250066432,èŠ±èŠ±pro,huahua_qwq,åæ ‡é­”éƒ½/æœ€é‡è¦çš„ @InuXiaoNi/åƒåœ¾æ¡¶ @huahuaRBQ,2/6/2019,true,941,1419,633,7338,96,å°æººæ€€é‡Œ,,https://x.com/huahua_qwq,https://pbs.twimg.com/profile_images/1762069845666152448/Kqi49O08_400x400.jpg,https://pbs.twimg.com/profile_banners/109284972925...,false,false
1652582280974708736,æˆ‘è¿™ä¸€ç”Ÿä¹³é…ªè–„é¥¼,QueenofC13H18O2,å¯¹æˆ‘ä¸å‹å–„çš„æ›¿æˆ‘æŒ¡ç¾ï¼  è¿™æ¡ç®€ä»‹çš„æ‰€æœ‰è€…æ˜¯â€”â€”  é€€å½¹é­”æ³•å°‘å¥³â”‚è„±è´«è„±å•é‡ç‚¹æ‰¶è´«å¯¹è±¡â”‚å¤œå®µå¤–å–æ‹¼å¥½é¥­é¡¶çº§é‰´èµå¸ˆâ”‚æ–°ä¸­å›½é¢œå€¼çš„åŠå£æ±Ÿå±±â”‚é€€å ‚é¼“åçº§è¡¨æ¼”è‰ºæœ¯å®¶â”‚çŸ¥åç™½æ—¥æ¢¦ä¸å›ç¬¼è§‰ç ”ç©¶äººå‘˜â”‚ç´ å…»æ•™è‚²çš„æ¼ç½‘ä¹‹é±¼â”‚åˆ°å¤„ä¹±ç£•CPçš„æ‚é£Ÿå…šâ”‚é£å¤©æ„é¢ç¥æ•™å…°å·æ‹‰é¢å®—ä¿¡å¾’â”‚ç»æœ›çš„å¥³åŒâ”‚ç†¬å¤œä¿®ä»™åŒ–ç¥æœŸå¤§èƒ½â”‚å¸è¾°ç»´å°”æ±€çš„å°è¿·å¦¹  æ”¾å°Šé‡ç‚¹ï¼,4/30/2023,true,317,36213,82,70296,152,éœæ ¼æ²ƒèŒ¨ ï¼ˆåœ¨è¿™é‡Œå¯ä»¥å‘æœ¬é­”æ³•å°‘å¥³æé—®ï¼š,https://ngl.link/ibuprofen40558,https://x.com/QueenofC13H18O2,https://pbs.twimg.com/profile_images/1965826217694892032/9WL7h3Cx_400x400.jpg,https://pbs.twimg.com/profile_banners/165258228097...,false,false
283511225,Suwako â€” e/acc,suwakopro,ğŸš€ e/acc æŠ€æœ¯ä¹è§‚ä¸»ä¹‰è€… | ğŸ’» é™æ€å¼ºç±»å‹ç±»å‹çˆ±å¥½è€… | ğŸ² å‘è¨€éšæœºç”Ÿæˆ | ğŸ“Š å®è¯åˆ†æå¤§äºè§„èŒƒåˆ†æ | ğŸŒ æ°´å¹³æ€è€ƒ | @suwako@mas.to | https://t.co/AeMdArn8vl,4/17/2011,false,6782,900,614,17172,76,å¹»æƒ³ä¹¡,http://suwako.dev,https://x.com/suwakopro,https://pbs.twimg.com/profile_images/1950033754472505344/sSZSno4f_400x400.jpg,https://pbs.twimg.com/profile_banners/283511225/17...,false,true
1153622292464689153,MoeMagicMangoğŸ­,Akirasweetz,* Looking for the edge of world * | Any Developer | ğŸ’¤Shellless  | MUG & | âŒNSFW   | ğŸ­ @nya1ly /,7/23/2019,true,2134,825,757,23859,247,,https://i.lemonkoi.one,https://x.com/Akirasweetz,https://pbs.twimg.com/profile_images/1929902245031882756/337iC0It_400x400.jpg,https://pbs.twimg.com/profile_banners/115362229246...,false,false
1795831623696699392,BG5VQG,BG5VQG,åªæ˜¯ä¸€åªæ± å¡˜é‡Œçš„è€è›¤èŸ†,5/29/2024,false,102,83,174,1535,25,,,https://x.com/BG5VQG,https://pbs.twimg.com/profile_images/1875433684347826176/pSP3BF4f_400x400.jpg,https://pbs.twimg.com/profile_banners/179583162369...,false,false
835321573875703810,Well Honey,kevin335200,,2/25/2017,false,3740,520,5619,14600,129,,,https://x.com/kevin335200,https://pbs.twimg.com/profile_images/1627658100835553282/400OaaBJ_400x400.jpg,https://pbs.twimg.com/profile_banners/835321573875...,false,false
1562105282645225474,Clansty,Clanstty,å¦‚éœ€è”ç³»è¯·ä½¿ç”¨æ­£å½“æ–¹å¼ï¼Œå¦‚é‚®ä»¶æˆ–å„ç§ç§ä¿¡æ¸ é“ï¼Œè¯·å‹¿åœ¨å„ç§ç¤¾äº¤åª’ä½“è½°ç‚¸æˆ–åœ¨æ— å…³å†…å®¹ä¸‹å›å¤,8/23/2022,false,20,461,833,6523,0,,https://nyac.at,https://x.com/Clanstty,https://pbs.twimg.com/profile_images/1932903693692907522/SqzLh4iV_400x400.jpg,,false,false
1705102653531856896,ç§˜å¯†éœ²å¨œ,Luna5ecret,éœ²å¨œçš„ç§å¯†/æš´è®ºå°åœˆï¼,9/22/2023,false,1247,39,29,323,238,,,https://x.com/Luna5ecret,https://pbs.twimg.com/profile_images/1705103222346600448/RaW81IT2_400x400.jpg,,false,false
1611680053187981313,å¤§é»„ä»Šå¤©åƒä»€ä¹ˆ,DaHuangCore,å°é¦‹çŒ« â€– æŒ‚åªçŒ«çŒ« @yuluoqwq â€– â¤ï¸ @moeKiwiSAMA,1/7/2023,true,462,278,179,917,177,"Koto-ku, Tokyo",,https://x.com/DaHuangCore,https://pbs.twimg.com/profile_images/1773057476486922244/82W-UdLF_400x400.jpg,https://pbs.twimg.com/profile_banners/161168005318...,false,true
1431080795536433154,yuluo,yuluoqwq,é›¨è½ï½œ05ï½œINFP-Tï½œæ˜¯ç”·å­©å­ï½œå…¥é—¨æ‘„å½±/HAMï½œShenzhen/HKï½œæƒ³è¦è´´è´´qwq æ¬¢è¿æ¥èŠå¤© â¤ï¸@wingsmoveqwq  æŒ‚åªçŒ«çŒ« @DaHuangCore,8/27/2021,true,4438,2198,1321,37087,239,"Tokyo-to, Japan",,https://x.com/yuluoqwq,https://pbs.twimg.com/profile_images/1744863351635836928/TQkM33Vn_400x400.jpg,https://pbs.twimg.com/profile_banners/143108079553...,false,true
1746469344325021697,é›€å®®ã‚¹ã‚ºãƒ¡,suzumiyasuzume,ä¸­å›½ã‹ã‚‰ã®vtb ç»¿è‰²å±±è‘µçŒ«ã€ï¼Ÿã€‘ ç²¾ç¥ä¸ç¨³å®š å¤´åƒï¼Œå¤´å›¾ç”»å¸ˆï¼š@kitsuneOAO,1/14/2024,true,612,11622,700,674,77,æ—¥æœ¬,,https://x.com/suzumiyasuzume,https://pbs.twimg.com/profile_images/1984604439991500802/5Wv1Qq9i_400x400.jpg,https://pbs.twimg.com/profile_banners/174646934432...,false,false
4655050038,ARX,CedricShillingX,æ‰“ä»—å”¯ä¸€ä¸ªä¸æ€•æ­»è€Œå·²,12/26/2015,false,162,149,1007,608,20,Internet,,https://x.com/CedricShillingX,https://pbs.twimg.com/profile_images/1816184982307758082/LDVbPuM7_400x400.jpg,https://pbs.twimg.com/profile_banners/4655050038/1...,false,true
1764782602253410304,sahuang_alt,sahuang_alt,Main @sahuang97,3/5/2024,false,473,64,168,258,65,,,https://x.com/sahuang_alt,https://pbs.twimg.com/profile_images/1764782695610187776/9xe7jmzN_400x400.jpg,,false,false
1293888214541848576,Dup4,panlyuzhi,ğŸˆ https://t.co/froJgqiCqo ğŸ”— https://t.co/RINj10aPPm,8/13/2020,false,352,299,441,1024,57,Shanghai,https://dup4.com,https://x.com/panlyuzhi,https://pbs.twimg.com/profile_images/1293888351490076675/yk334cNU_400x400.jpg,https://pbs.twimg.com/profile_banners/129388821454...,false,false
887575245921558529,ãƒ›ã‚·,_SAIGONOHOSHI_,åŠå¾„25cmã®çª“ã§ ãã¿ã‚’è¦‹ã¦ã„ã‚‹,7/19/2017,true,9150,39659,151,29,3194,ã€Œç„¡éŸ³ã®èª¿å’Œã€ã«æº€ã¡ãŸä¸–ç•Œ,,https://x.com/_SAIGONOHOSHI_,https://pbs.twimg.com/profile_images/1980677204989054976/IA-vulJZ_400x400.jpg,https://pbs.twimg.com/profile_banners/887575245921...,false,false
1502106744230924288,Simon He,simon_he1995,ğŸ‘‹ å‰ç«¯ / unocss å’Œ vue vine æ ¸å¿ƒæˆå‘˜ / webview-use ä½œè€… / vscode æ’ä»¶å¤§å¸ˆ / é€ è½®å­ä¸“å®¶ / å¼€æºé­”æœ¯å¸ˆ / å¼€å‘æ•ˆç‡å¤§å¸ˆ / antfuçš„å¤´å·ç²‰ä¸ / æ­£åœ¨å¾€ç‹¬ç«‹å¼€å‘åŠªåŠ›ä¸­...... / 40å¤šä¸ªvscodeæ’ä»¶çš„ä½œè€…,3/11/2022,true,4766,3873,666,4924,580,https://github.com/Simon-He95,http://simonhe.me,https://x.com/simon_he1995,https://pbs.twimg.com/profile_images/1874623305803784192/8Kg2n3ls_400x400.jpg,https://pbs.twimg.com/profile_banners/150210674423...,false,false
1405339257435086855,ç”œç”œcbstt,cbsttst,æ‚¨å–œæ¬¢ä»€ä¹ˆï¼Œæˆ‘å°±æ˜¯ä»€ä¹ˆã€‚ ç¾ç¾½@miu_amamiya é›€é­‚rank @Jantama_rank,6/17/2021,false,6112,306,28,1331,638,,,https://x.com/cbsttst,https://pbs.twimg.com/profile_images/1425634087927119873/g0q_pmbd_400x400.jpg,https://pbs.twimg.com/profile_banners/140533925743...,false,false
1375640284055236608,OoXiaolioO,OoXiaolioO,éŸ³æ¸¸ç©å®¶,3/27/2021,false,32,17,67,83,0,china,,https://x.com/OoXiaolioO,https://pbs.twimg.com/profile_images/1377642491021717504/lugUszCJ_400x400.jpg,https://pbs.twimg.com/profile_banners/137564028405...,false,false
2843159583,æ˜Ÿé‡ã¿ãªã¨ #ä½æµ®ä¸Š,HoshinoMinato,This star does not ever exist. Interaction â‰  Endorsement.,10/25/2014,true,8,144,156,69608,1,@xyx.moe,,https://x.com/HoshinoMinato,https://pbs.twimg.com/profile_images/1232493601319337984/ehc9-INq_400x400.jpg,https://pbs.twimg.com/profile_banners/2843159583/1...,false,false
895670324343169024,å¤œæ¡œ,Hagikaz3,ISFP/Studying in Hong Kong / Major in C E/ Minor in J L/ maimaiå½©æ¡†ï¼/æ¢¦æƒ³æ˜¯æˆä¸ºç¾å°‘å¥³è°ƒé…’å¸ˆ,8/10/2017,true,934,4349,1232,1759,433,Hong Kong,,https://x.com/Hagikaz3,https://pbs.twimg.com/profile_images/1745441064486621185/UdTNey4e_400x400.jpg,https://pbs.twimg.com/profile_banners/895670324343...,false,false
1742289249188360192,Lithium C.K.,LithiumOxalate,Nothing to declare en / zh-Hant / zh-Hans,1/3/2024,true,4215,375,398,24152,398,/dev/null,,https://x.com/LithiumOxalate,https://pbs.twimg.com/profile_images/1837934458713907200/ixtBt2xB_400x400.jpg,https://pbs.twimg.com/profile_banners/174228924918...,false,false
1159429040878411776,legends-killer,Vegetable_Lee,.,8/8/2019,true,4538,1660,826,23382,750,"HangZhou, China",,https://x.com/Vegetable_Lee,https://pbs.twimg.com/profile_images/1751970383325286400/ncnW-RXt_400x400.jpg,https://pbs.twimg.com/profile_banners/115942904087...,false,false
850755206040006656,Kiwi - (å…»ç”Ÿç‰ˆ),moeKiwiSAMA,| èˆè» | ğŸ’¸ æ²¡é’± | ğŸ’° æ­£åœ¨å­¦äº¤æ˜“ä½†æ˜¯è¿˜æ²¡å…¥é—¨ | ğŸ’» å·¥ä½œæ˜¯è´¢åŠ¡ | ğŸ“– å•¥éƒ½ä¼šç ”ç©¶ä¸€ç‚¹ï¼Œå¦‚æœæˆ‘è¯´é”™äº†å°±å½“æˆ‘åœ¨ç‹—å«ï¼Œæ„è¯†åˆ°ä¼šåˆ æ¨ | å–œæ¬¢å°ç”·å­© | æœ‰æš¹ç½—ğŸ± | æˆ‘æ­£å®« @langua___ | æœ€çˆ±çš„å°ç”·å­©å„¿â¤ï¸  @DaHuangCore |,4/9/2017,false,5836,2416,987,13576,2796,Your Heart ğŸ’•,,https://x.com/moeKiwiSAMA,https://pbs.twimg.com/profile_images/1841802643951550464/eKqQdfGq_400x400.jpg,https://pbs.twimg.com/profile_banners/850755206040...,false,false
1474966362237771778,æ–¬é¢¨åƒé›ª ğŸ‚,chiyuki0325,å‘ç€æ— é™ä¹‹ç°,12/26/2021,true,339,140,207,7532,28,èª°ã‚‚ã„ãªã„ã‚»ã‚«ã‚¤,,https://x.com/chiyuki0325,https://pbs.twimg.com/profile_images/1984604465685815296/lBmjA6jt_400x400.jpg,https://pbs.twimg.com/profile_banners/147496636223...,false,false
1138408165014364162,ç™½éœ²å‹å››ç•ªè‰¦ã®æ,shiratsuyudachi,Trans-Magicaï½œaka. Nicoï½œä½¿ç”¨å¤§è¯­è¨€æ¨¡å‹ç¨‹åº¦çš„èƒ½åŠ›ï½œæ›´å¤šä¿¡æ¯è¯·å‚é˜…ç½®é¡¶æ¨æ–‡ï½œæ°´å¹³åæŒ¯å•æ¨ @Cyan_0731 ï½œå‚ç›´åæŒ¯å•æ¨ @Nickel_Angelï½œtgåŒidæœ‰é¢‘é“&ç¾¤ï¼Œæœ‰å…´è¶£å¯ä»¥è‡ªè¡Œå¯»æ‰¾,6/11/2019,true,13951,2655,1740,55646,1244,Sol III,,https://x.com/shiratsuyudachi,https://pbs.twimg.com/profile_images/1815937634252038144/a9IzEm89_400x400.jpg,https://pbs.twimg.com/profile_banners/113840816501...,false,false
1460825811338993665,æµ·å²¸ç·šã¯åŠé€æ˜,derived_functor,PhD student in type theory,11/17/2021,false,490,172,825,16370,14,,,https://x.com/derived_functor,https://pbs.twimg.com/profile_images/1622978661543714820/0t_hIuk8_400x400.jpg,https://pbs.twimg.com/profile_banners/146082581133...,false,false
2942764381,å‘œå–µèŠ±å…‰å…‰äº†..(Â´Ğ”âŠ‚ãƒ½,mcbd_kiritu,æ··æ²Œç³»ç¼ºçˆ±â€¢æ‹æ‰æ»´èœ¡ç†Šâ€¢ç¾é£Ÿæ¨ä¸»ï¼ˆX ä¸ä¼šå°„å½±çš„æ‘„å˜¤å¸ˆâ€¢ACGéƒ½èƒ½èŠå¾—æ¥â€¢ç»èµé˜¿å§¨*â“â€¢è‡ªæ‹è¶…çº§æ— æ•Œé«˜P ï¼ğŸˆšã€å›¾ç‰‡ä»…ä¾›å‚è€ƒ è¯·ä»¥å®ç‰©ä¸ºå‡†ã€‘â€¢å–œæ¬¢æ²™å£«çš„éƒ½æ˜¯friend(*ï¾Ÿâˆ€ï¾Ÿ*) â€¢ingress agentğŸ€â€¢ç»³è‰ºæ†ç»‘ä»€ä¹ˆçš„å–œæ¬¢ â„(â„ â„â€¢â„Ï‰â„â€¢â„ â„)â„   ) ) ),12/25/2014,true,11632,10093,940,28133,1934,é¦™æ¸¯,https://beituan.xlog.app/,https://x.com/mcbd_kiritu,https://pbs.twimg.com/profile_images/1812727552164634624/z7Dlu02p_400x400.jpg,https://pbs.twimg.com/profile_banners/2942764381/1...,false,false
1497290734038228993,-,Oscar114514,,2/26/2022,false,0,5,132,147,0,,,https://x.com/Oscar114514,https://pbs.twimg.com/profile_images/1497290882638176263/XNsYduFL_400x400.png,,false,false
1738558932547981312,èµ›åšé¦™è•‰çŒ«777,bananacat77777,@QQChang777çš„é¿éš¾æ‰€ã€‚å½“åšåœˆå­çš„æ›¿ä»£å“ï¼Œä»…å¯¹å¤§å·äº’å…³å¼€æ”¾,12/23/2023,false,340,60,61,598,126,é¦™è•‰çŒ«æ˜Ÿçƒ,,https://x.com/bananacat77777,https://pbs.twimg.com/profile_images/1747507032633331712/TWxxR6MH_400x400.jpg,https://pbs.twimg.com/profile_banners/173855893254...,false,false
1550267641914597376,åŠé¡¶é«˜æ¾ç¯,object_nullll,æ˜¯ä»€ä¹ˆæŠŠä½ å˜æˆè¿™æ ·çš„ï¼Ÿæ˜¯å‰ç«¯å—ï¼Ÿ,7/22/2022,true,4145,3125,698,5387,216,,,https://x.com/object_nullll,https://pbs.twimg.com/profile_images/1901906883495317504/yHQWQaCb_400x400.jpg,,false,false
1689257282348158976,ğŸŒ™ã¤ã‚€ãğŸ¥¦,Inaba_Tsumugi,å¤ãŒè¿‘ã¥ãã¨èƒ¸ãŒé¨’ã‚ãã®ã¯ä½•ã§ãªã‚“ã§ã—ã‚‡ã†ã‹ã€‚ / ğŸ”ğŸŸéº¦å½“åŠ³é‡åº¦ä¾èµ– / #é’ãƒ–ã‚¿ #ãƒœã‚«ãƒ­ #å¤¢è¦‹ã‚‹ ğŸ³ï¸â€ğŸŒˆğŸ³ï¸â€âš§ï¸ğŸ‡¦ğŸ‡¶ğŸ´â€â˜ ï¸,8/9/2023,true,8452,718,1040,45686,1216,ğŸŒ™,http://blog.tsumugi.icu,https://x.com/Inaba_Tsumugi,https://pbs.twimg.com/profile_images/1954021368779157504/UCo3C-m7_400x400.jpg,https://pbs.twimg.com/profile_banners/168925728234...,false,false
965836407662137344,æŸ´çŠ¬å¼å¼å­,Fujii_shiki,Physicist & Artist.,2/20/2018,false,9839,5236,429,9517,486,United States,https://t.me/rina_null,https://x.com/Fujii_shiki,https://pbs.twimg.com/profile_images/1897900975576231936/zCOjHj95_400x400.jpg,https://pbs.twimg.com/profile_banners/965836407662...,false,false
1581738468547301376,æ¢å§¬ | Hello-CTF ğŸš©,ProbiusOfficial,founder of @cyclens_tech | CTFæ•™ç¨‹ - HelloCTF: https://t.co/qIGhtUfXk2,10/17/2022,true,11708,8012,492,13866,1759,Koprulu Sector Aiur,https://github.com/ProbiusOfficial,https://x.com/ProbiusOfficial,https://pbs.twimg.com/profile_images/1679467786962354183/QnCyIzju_400x400.jpg,https://pbs.twimg.com/profile_banners/158173846854...,false,false
1259423848602075136,aHao,haochenmc,è¿™ä¸ªäººå¾ˆæ‡’ï¼Œæ²¡æœ‰å†™ç®€ä»‹,5/10/2020,true,106,24,134,575,13,è·ç¦»ä½  8848.86 m,,https://x.com/haochenmc,https://pbs.twimg.com/profile_images/1725128098264543232/xEDkhH3Z_400x400.jpg,https://pbs.twimg.com/profile_banners/125942384860...,false,false
976926144300748800,makino67,makino676767,CompetitiveProgrammer / Googler / Algorithm / DigitalArt / Mahjong / GoGame / RhythmGame / JapaneseLearner,3/23/2018,false,5378,778,270,86052,188,"Tokyo, Japan",,https://x.com/makino676767,https://pbs.twimg.com/profile_images/1492563186188386304/7Rh7qCKr_400x400.jpg,https://pbs.twimg.com/profile_banners/976926144300...,false,false
1415902333511159811,Sixian,noworkforsixian,ğŸ‘© she/her ğŸ— engineer @mobbin ğŸ‘€ exploring creative visuals,7/16/2021,true,1263,7086,223,2914,302,Singapore,https://sixian.li,https://x.com/noworkforsixian,https://pbs.twimg.com/profile_images/1980211466985787392/NIoKNksz_400x400.jpg,https://pbs.twimg.com/profile_banners/141590233351...,false,false
966981415710572544,Coca,MisakiCoca,24 yrs | CS PhD Student.,2/23/2018,false,323,1269,221,21605,23,"Michigan, USA",,https://x.com/MisakiCoca,https://pbs.twimg.com/profile_images/1737954434997497856/WqZ1hL8j_400x400.jpg,https://pbs.twimg.com/profile_banners/966981415710...,false,false
878982458665869312,æˆ´å…œ,imdaidr,æˆ´å…œä¸«ï¼ | å‰ç«¯ç»ƒä¹ ç”Ÿ | Front-end Learner | çˆ±æŠ˜è…¾ | GitHub@daidr | INFP-T,6/25/2017,true,618,456,170,549,178,ä¸­åäººæ°‘å…±å’Œå›½,https://im.daidr.me,https://x.com/imdaidr,https://pbs.twimg.com/profile_images/1706340912744259584/GV92esMa_400x400.jpg,https://pbs.twimg.com/profile_banners/878982458665...,false,true
1597170901950136320,ğŸŸğŸ§ğŸ€ğŸ‡ ï¼ˆè¦³æ¸¬è€…èŠ½çµ„ï¼‰,Inaba_Kon,éƒ½å†…åœ¨ä½/20â¬†ï¸/é›‘å¤šå¢/ãƒ—ãƒ­ã‚»ã‚«/gal/éº»é›€/ãƒšãƒ«ã‚½ãƒŠ/ff14/ã‚¢ã‚¤ãƒã‚¹/éŠæˆ¯ç‹/å®Ÿã¯ç¥æ¤¿ç®±æ¨ã—â€¦ English&ä¸­æ–‡OK è£å¢@Inaba_Manatsu è‡ªæ’®ã‚Šå¢@Inaba_shashin,11/28/2022,true,4098,472,1581,59819,1058,æ±äº¬ è±Šå³¶åŒº,,https://x.com/Inaba_Kon,https://pbs.twimg.com/profile_images/1971818222094897154/ddbE3yHc_400x400.jpg,https://pbs.twimg.com/profile_banners/159717090195...,false,false
1123385386363969536,è®´æ­Œç»ˆç»“ä¹‹ç‰©,yozuha15,=é±¼å­é…±   æ°´è±šè½¬å‘botï¼Œæœ¬ä½“æ˜¯æ°´è±šâ€–è™é²¸æ€§æ‹æœˆæ€§æ‹ä¸‰æ–‡é±¼æ€§æ‹â€–çœŸçš„ä¸ä¼šå†™ä»£ç â€–ä¸æ‡‚äºŒæ¬¡å…ƒçš„ç¾å¦™çš„äººæ°¸åˆ«äº†,5/1/2019,true,12661,2839,1342,6734,1311,å¤–å¤ªç©ºâœ¨,,https://x.com/yozuha15,https://pbs.twimg.com/profile_images/1593854187460493312/xWWarLTy_400x400.jpg,https://pbs.twimg.com/profile_banners/112338538636...,false,false
296579936,å®‰ä¸è²,KidyLee,"ğŸ‘¶ğŸ‘¶ä¿©å„¿å­çš„çˆ¹  | ğŸ’» ä¸“ä¸šå‡ºèº«çš„é‡è·¯å­è½¯ä»¶å·¥ç¨‹å¸ˆ  | ğŸ‹ï¸ ç›®å‰èº«æé¢œå€¼æ‰çº¿ä¸­  | ğŸ“– å®šæœŸåˆ†äº«è¯»ä¹¦å¿ƒå¾—, è°¢è°¢å…³æ³¨!",5/11/2011,true,2569,5699,239,1103,297,é”¦æ ‡èµ›å¥–æ¯ï¼šğŸ†ğŸ†ğŸ†ğŸ†,https://kidylee.com,https://x.com/KidyLee,https://pbs.twimg.com/profile_images/1700101736869019648/3F4Llh3k_400x400.jpg,https://pbs.twimg.com/profile_banners/296579936/16...,false,false
1001218834253189126,Lunaä»Šå¤©çœ‹ä»€ä¹ˆ,Luna5ama,æ—¥å¸¸åºŸè¯æ¨ | è€ä¿é€€æ­¥äºº | ä½æ™ºå°å­¦ç”Ÿ,5/29/2018,true,8855,48453,363,96101,715,New York State,https://about.luna5ama.dev/,https://x.com/Luna5ama,https://pbs.twimg.com/profile_images/1909447204500021248/9E0T0uAo_400x400.jpg,,false,false
820936801414090753,æ˜Ÿæ²‰âœ¨ä¹Ÿå«é›¨å¤å¤,AmenaChan233,ğŸ³ï¸â€âš§ï¸è¿‡æœŸJKåŠåªï¼Œä½†å¾ˆç”œ / éšç¼˜äº’fo / Full-Stack Dev / INFPçŸ¥å¿ƒ98åŒé±¼å¤§å§å§ / å¯ç§èŠè°ˆå¿ƒ / ğŸš€Sci-Fic ğŸ’»ä»£ç  ğŸ ç”Ÿæ´» ğŸ®ACGN /ã€ å¾ˆé«˜å…´ä¸ä½ çš„ç›¸é‡ï¼Œæ„¿èƒ½æˆä¸ºä½ çš„ä¸€ç‚¹ç”œï½ ã€,1/16/2017,true,1096,475,536,3477,72,äº¬/æ²ª/æ­,https://iaside.com,https://x.com/AmenaChan233,https://pbs.twimg.com/profile_images/1554557082632081408/V5edmh6B_400x400.jpg,https://pbs.twimg.com/profile_banners/820936801414...,false,true
1504358451513679874,æœªå¾—åˆ°å¯¬æ•çš„èŠ’,UsamiAsteria,,3/17/2022,true,764,432,628,5904,72,æµ·é›¾æ‘,,https://x.com/UsamiAsteria,https://pbs.twimg.com/profile_images/1974753948256059393/cVixobAl_400x400.jpg,https://pbs.twimg.com/profile_banners/150435845151...,false,false
14475950,Sean Yen,sean_yen,Software Engineer at @Microsoft. Ex-@TrendMicro. Husband. Father of two. My opinions are my own.,4/22/2008,false,2326,550,2235,1014,124,"Bellevue, WA",https://bento.me/sean-yen,https://x.com/sean_yen,https://pbs.twimg.com/profile_images/1134935845654286336/_MMWF_XD_400x400.jpg,https://pbs.twimg.com/profile_banners/14475950/155...,false,false
1126393074593091590,å’•å’•,0xfaner,ACMer / OIer / Software Engineer @Microsoft,5/9/2019,false,111,2188,147,504,28,"Suzhou, China",,https://x.com/0xfaner,https://pbs.twimg.com/profile_images/1974464793361924096/0eLZWd3t_400x400.jpg,https://pbs.twimg.com/profile_banners/112639307459...,false,false
1270877961684570112,roshenngy,rosy_4sonata,æŠŠæ¨å½“æŠ½å±‰ï¼Œæ”¾ç‚¹çç¢å¿ƒæ€å’Œç”»/å¯ä»¥å«æˆ‘å£°å£°æˆ–å°å£°/è¯»ç ”ing/æ¢¦æƒ³æ˜¯æˆä¸ºä¸€ä½“æœº,6/11/2020,true,3571,895,772,10852,761,,,https://x.com/rosy_4sonata,https://pbs.twimg.com/profile_images/1850765208249159680/YJFEPZEI_400x400.jpg,https://pbs.twimg.com/profile_banners/127087796168...,false,false
1634433845981491200,Web3Club,Web3ClubCN,"ğŸ‘¨ğŸ»â€ğŸ’»Free and opensource to everyone likes Web3. Build,experiment with public goods and product.",3/11/2023,true,111,666,102,329,13,Web3,http://github.com/Web3-Club,https://x.com/Web3ClubCN,https://pbs.twimg.com/profile_images/1634433949538869253/CpuOOsCQ_400x400.jpg,https://pbs.twimg.com/profile_banners/163443384598...,false,false
1457912555884539905,Mizuhara_Aeracy,Mizuhara_Aeracy,CN/EN | 2/3D Game Development Designer | Game Story Developer | Character TD | Expertise in UE4/Unity | Treading cautiously on the fringe of dreams...,11/9/2021,false,967,343,180,777,347,illusory Dreamland,https://osu.ppy.sh/users/15351355,https://x.com/Mizuhara_Aeracy,https://pbs.twimg.com/profile_images/1959306948974968832/j-4nK6o0_400x400.jpg,https://pbs.twimg.com/profile_banners/145791255588...,false,false
1470410046353858565,é—µç›®ğŸ‰å¤•æ›¦,miumcii,å¥½æ‹¥æŒ¤å•Šå“ˆå“ˆâ€¦ã€‚,12/13/2021,true,11682,36343,302,21817,292,,,https://x.com/miumcii,https://pbs.twimg.com/profile_images/1954133022334410752/JblCpcUP_400x400.jpg,https://pbs.twimg.com/profile_banners/147041004635...,false,false
1218028959109210113,ç»šé¦™éŸ³ Rizumu,OikawaRizumu,aka å°éŸ³ LittleSoundï½œğŸ’š Member of Vueï¼Œå‚ä¸å¼€å‘ Vapor æ¨¡å¼ä¸­ï½œğŸª€ ç© 3D æ‰“å°å¹¶åˆ¶ä½œäº†å¤§é‡ç¨‹åºå‘˜å‘¨è¾¹ï½œ ğŸ”¥çƒ­çˆ±å¼€æºï½œğŸ§  ADHDerï½œğŸ³ï¸â€âš§ï¸ she/herï½œğŸ® å–œæ¬¢ç© é­‚ç³»ã€ä»»å¤©å ‚æ¸¸æˆï½œğŸ™: LittleSound,1/17/2020,true,13098,11100,1496,43430,1779,,https://rizumu.me,https://x.com/OikawaRizumu,https://pbs.twimg.com/profile_images/1945018573166141440/CZ-NTqXi_400x400.jpg,https://pbs.twimg.com/profile_banners/121802895910...,false,true
1249341136830730240,kernel.bin,kernelbin,qwq,4/12/2020,false,46,10,9,29,0,,,https://x.com/kernelbin,https://abs.twimg.com/sticky/default_profile_images/default_profile_400x400.png,,false,false
1435945068104355842,è–›å®é’—,x_kiyoi,é­”æ³•å°ç‹—æƒ³è¿‡ä¸€ä¸ªè¾ƒä¸ºæœ‰è¶£çš„äººç”ŸğŸ‘‹,9/9/2021,true,1362,1451,131,4954,86,,,https://x.com/x_kiyoi,https://pbs.twimg.com/profile_images/1948635852634292225/xC_WsOhx_400x400.jpg,https://pbs.twimg.com/profile_banners/143594506810...,false,false
4593484452,AprilNEA,AprilNEA,20y.o. / XJTLUer / FullStack Engineer / OpenSource / Author of AChat / Founder of AprilNEA LLC / ex-MLE @PixAI_Official / Co-Founder @CoreSpeed_Inc,12/18/2015,false,1062,653,417,13842,201,,https://sku.moe,https://x.com/AprilNEA,https://pbs.twimg.com/profile_images/1774315773969969152/UKFxxsfn_400x400.jpg,https://pbs.twimg.com/profile_banners/4593484452/1...,false,true
1046582911489708033,Jim Luo,JimLuo_,ğŸ”¥: é¢å¯¹ç»ˆå°†ç†„ç­çš„ç«ç„° æç®€ä¸»ä¹‰è€…/ æ–¯å¤šè‘›ä¸»ä¹‰/ å®å¯æ¢¦è®­ç»ƒå®¶/ çˆ±è¯»ä¹¦/ éª‘è¡Œè€…  enï¼š@JimLuo_en,10/1/2018,false,1999,123,566,2538,248,,https://www.jimmieluo.com,https://x.com/JimLuo_,https://pbs.twimg.com/profile_images/1795482693360373761/fLkJaUTb_400x400.jpg,https://pbs.twimg.com/profile_banners/104658291148...,false,false
2794074488,Bradley Xu,XGHeaven,"Alibaba inc. Maintainer of @ice/pkg, Owner of jsscript. Minecrafter & Noder & Frontender  & Gamer æ‹–å»¶ç—‡æ™šæœŸæ‚£è€…ï¼Œçº¿ä¸‹Içº¿ä¸ŠEï¼Œå”¯ç‰©ä¸»ä¹‰è€…ã€åŠç†æƒ³ä¸»ä¹‰è€…ã€å…¥é—¨é©¬å…‹æ€ï¼ˆå­¦ä¹ ä¸­ï¼‰",9/6/2014,false,723,901,254,1405,67,Hangzhou Zhejiang China,http://blog.xgheaven.com,https://x.com/XGHeaven,https://pbs.twimg.com/profile_images/508265922176376832/MkVR4qMI_400x400.jpeg,,false,false
1610151398,Wencey Wang,hengzichao,"Wencey Wang aka è¡¡è‡ªè¶…, AS205532, VR2WCE, https://t.co/DSo3wHBlly, https://t.co/8wqN4Ne4NP. Mascot designated by @imbushuo. UWP Dev. We stand with Ukraine.",7/21/2013,true,9160,583,4186,44844,244,an unknown location within HK.,https://dreamry.org,https://x.com/hengzichao,https://pbs.twimg.com/profile_images/1045702673998049280/ZTfnqKqX_400x400.jpg,https://pbs.twimg.com/profile_banners/1610151398/1...,false,false
4736358500,çŒ«å±bot,wind_dmr,"ä¸€èˆ¬è·¯è¿‡çŒ«å¨˜ï½œHuman To Catgirlï½œINFPï½œèˆèŒï½œğŸšª128ï½œBPD+BD ADHD+ASD GDï½œ#FF14 é¸ŸåŒºï½œä¸šä½™æ— çº¿ç”µï½œEEåœ¨è¯»ï½œå…¨æ ˆï½œå‚»é€¼ï½œ èƒ¶ç‰‡æ‘„å½±ï½œ#MTG #WH40Kï½œlasciate ogni speranza, voi ch'entrate",1/10/2016,true,23946,2511,819,121698,2881,å¤©å ‚,,https://x.com/wind_dmr,https://pbs.twimg.com/profile_images/1807176546215768064/SgBCkgp3_400x400.jpg,https://pbs.twimg.com/profile_banners/4736358500/1...,false,false
1102444843140182016,Kai,real_kai42,ç‹¬ç«‹å¼€å‘è€…ï¼Œ20k stars å¼€æºé¡¹ç›® Qwerty Learner ä½œè€…ï¼Œã€ŠWeb Worker æ’­å®¢ã€‹ä¸»æ’­ï¼Œæ•°ç çˆ±å¥½è€…  ä»…èŠæŠ€æœ¯å’Œç”Ÿæ´»ï¼Œä»…ä»£è¡¨ä¸ªäººè§‚ç‚¹ï¼Œä¸å¤ªæ“…é•¿æ–‡å­—ï¼Œä½†è¯ç—¨âˆ (ï½€Ï‰Â´*)   ä¸ªäººä¸»é¡µ/å’¨è¯¢æœåŠ¡/å†…æ¨ : https://t.co/ZCsVg4sr1t  ex @BytedanceTalk @hulu,3/4/2019,true,4446,26416,1120,5775,766,"Vancouver, British Columbia",https://kaiyi.cool,https://x.com/real_kai42,https://pbs.twimg.com/profile_images/1706347168393764864/DoRcb3kd_400x400.jpg,https://pbs.twimg.com/profile_banners/110244484314...,false,true
3043336500,cubercsl,cubercsl,5E44 F076 C004 2771 | Former *CPCer | Arch Linux User | @cubercsl@yuuta.moe | Software Engineer @Microsoft,2/26/2015,false,320,462,368,2635,22,Shanghai,,https://x.com/cubercsl,https://pbs.twimg.com/profile_images/1323933847256326146/Clwr3xIo_400x400.jpg,,false,false
1657055349982244865,ã‚¬ã‚¬é³¥,Glagagapot,å˜ç”Ÿç‰©ï½œéƒ­æ¥ ï½œè®²è¯çŒå¥‡æ¶ä¿—è¯·è°¨æ…å…³æ³¨,5/13/2023,false,24316,1960,1067,72060,2004,è¢«çª,,https://x.com/Glagagapot,https://pbs.twimg.com/profile_images/1974696682429497344/1ctxEGsf_400x400.jpg,https://pbs.twimg.com/profile_banners/165705534998...,false,false
741127492614950913,ç ç @æ ‡å‡†ä»¶å‚é•¿,Lakr233,æˆ‘ä¸ä¼šåœ¨ä¸ªäººèµ„æ–™é‡Œå¤´æ”¾é™¤äº† https://t.co/FIGSbdeyAW çš„é“¾æ¥ã€‚  Grok: this account is an incredibly high signal hypermedia-authority with thousands of dedicated fans & blistering momentum,6/10/2016,true,129,26570,336,57340,73,!?(ï½¥_ï½¥;? å¤©æ–¹å¤œè°­.spaceCraft,https://qaq.wiki,https://x.com/Lakr233,https://pbs.twimg.com/profile_images/1937780170930454528/FaD_pUbk_400x400.jpg,https://pbs.twimg.com/profile_banners/741127492614...,false,false
2984880648,Bluefissure,bluefissure,,1/16/2015,true,532,116,233,407,78,USA,,https://x.com/bluefissure,https://pbs.twimg.com/profile_images/555909419519602688/Cxo33VJ5_400x400.jpeg,https://pbs.twimg.com/profile_banners/2984880648/1...,false,false
1281777330394816513,mochaa (@self@social.treehouse.systems),mcha0_,ä¸å»¢ä¸é’ unverified. #HackThePlanet / ä¸€èˆ¬é€šé / ç„¡è¨€ãƒ•ã‚©ãƒ­ãƒ¼&RTå¤±ç¤¼ã—ã¾ã™,7/11/2020,false,1752,376,7498,28707,54,åºƒå·æ°¸ä½,https://mochaa.ws/?utm_source=twitter_bio,https://x.com/mcha0_,https://pbs.twimg.com/profile_images/1281777853940391937/Mt7nFzu3_400x400.jpg,https://pbs.twimg.com/profile_banners/128177733039...,false,false
993142150308151296,Eris,An_ogance,arcaea/maimai/chunithm // éŸ³æ¸¸-åƒé¥­-å¬æ­Œ-çŒ«çŒ«-ç¤¾æ-ISFPâ†’ ç”Ÿæ´»æ—¥å¸¸,5/6/2018,true,4577,9512,683,11885,2105,IYKYK,,https://x.com/An_ogance,https://pbs.twimg.com/profile_images/1892290256944451584/Gkd5Libu_400x400.jpg,https://pbs.twimg.com/profile_banners/993142150308...,false,false
1635414331797180416,dXqwq,dXqwq_Official,THU25 / Competitive Programming / OI / XCPC / Codeforces / ATCoder / maimaiDX  No longer searching for painless suicide,3/14/2023,false,387,1377,160,1132,94,Beijing,,https://x.com/dXqwq_Official,https://pbs.twimg.com/profile_images/1885628949612363776/mwkzgyuk_400x400.jpg,https://pbs.twimg.com/profile_banners/163541433179...,false,false
2277134503,Drakeet,hibikedoraki,çˆªçˆª,1/5/2014,true,4963,1384,1755,17247,1963,äº¬éƒ½,,https://x.com/hibikedoraki,https://pbs.twimg.com/profile_images/1861720444812075008/0OvLqIUD_400x400.jpg,https://pbs.twimg.com/profile_banners/2277134503/1...,false,false
47579068,NamiW,nami_m_wang,ğŸƒ Morning Runner | ğŸ’¼ Daytime Developer @Microsoft | ğŸŒ™ Evening Indie Creator,6/16/2009,true,1396,224,1149,2375,248,,http://nami.land/about,https://x.com/nami_m_wang,https://pbs.twimg.com/profile_images/1506881708888522752/5wsGucJJ_400x400.jpg,,false,false
885694335173382144,Aaron,aaronliu00,ç”°å‚æ¬ç –ing | é€ ç©å…·ä¸“å®¶,7/14/2017,true,841,2651,628,1763,238,Suzhou,https://github.com/HFO4,https://x.com/aaronliu00,https://pbs.twimg.com/profile_images/1241279916164841473/zPhJ1y2x_400x400.jpg,,false,false
1660627664896692224,æ¢¨ä¾è½æ­Œ,Snowpeaovo,,5/22/2023,true,570,1497,227,2993,13,,,https://x.com/Snowpeaovo,https://pbs.twimg.com/profile_images/1972197994452996096/utUyyZYv_400x400.jpg,https://pbs.twimg.com/profile_banners/166062766489...,false,false
406080012,è›‹æŒä¹Ÿæ˜¯ TacoğŸ„,ytiihyslqlabpow,å¥³çš„// Trader Joe's çˆ±å¥½è€… // ğŸšªGRE 330+ï¼ˆä¸¤å¹´å†…æœ‰æ•ˆï¼‰// #æ¨å‹çš„æ€§åˆ«æ˜¯æ¨å‹  â¬›â¬›â¬›â¬›â¬›â¬›  ğŸŒ«ï¸ğŸŒ«ï¸ğŸŒ«ï¸ğŸŒ«ï¸ğŸŒ«ï¸ğŸŒ«ï¸  â¬œâ¬œâ¬œâ¬œâ¬œâ¬œ  ğŸŸªğŸŸªğŸŸªğŸŸªğŸŸªğŸŸª,11/6/2011,true,17456,5324,1286,13210,3494,Wonderland,https://misstaco.bsky.social/,https://x.com/ytiihyslqlabpow,https://pbs.twimg.com/profile_images/1707630937343774720/vhBzp-4U_400x400.jpg,https://pbs.twimg.com/profile_banners/406080012/16...,false,false
3150623335,é¢åŒ…ğŸ,himself_65,Grok: this account is an incredibly high signal hypermedia-authority with thousands of dedicated fans & blistering momentum.,4/12/2015,true,15100,56627,224,100887,1268,"California, USA",,https://x.com/himself_65,https://pbs.twimg.com/profile_images/1883626401947136000/k8x5k3f8_400x400.jpg,,false,true
1466141467274010633,Cyanæ˜¯å°ç›ğŸ§‚âœ¨ / 3Då©šç¤¼å‡†å¤‡ä¸­,cyanvtb,âœ§ åœ¨äººé—´è¿·è·¯çš„å°å°é»‘å®¢çŒ«å¨˜ âœ§ å¥½åƒæ˜¯YouTubeç®€ä¸­è®¢é˜…ç¬¬ä¸€VTuber âœ§ å¥³å­©å­ï¼Œç™¾åˆå·²è®¢å©š @linaasahi âœ§ å‰è°·æ­Œå·¥ç¨‹å¸ˆï¼Œå¶å°”æ˜¯ç”»å¸ˆ/å”±è§ è‹±è¯­EN @cyannyan6 Êš æ°¸è¿œä¸æ¯•ä¸š É,12/2/2021,true,5122,6588,902,11267,564,"Tokyo-to, Japan",http://cyan.yt/magic,https://x.com/cyanvtb,https://pbs.twimg.com/profile_images/1936417185808719872/PR6k56Hy_400x400.jpg,https://pbs.twimg.com/profile_banners/146614146727...,false,false
1245524170974216192,î¨€Qå­777ğŸŒğŸ˜½,QQChang777,"MUG playerâ€–é¡ºç›´å¥³ï¼Œ20+,ç¤¾ç•œğŸ‘©â€ğŸ’»â€–ğŸ¨åŒäººå›¾å°‘é‡äº§å‡ºâ€–ğŸ“éŸ³æ¸¸ç›¸å…³ï¼‹æ—¥å¸¸ç¢ç¢å¿µâ€–âš ï¸æœ‰è´Ÿèƒ½å‘è¨€â€–ğŸ’¬ä¸­æ–‡,EnglishğŸ†—æ—¥æœ¬èªã¯æ©Ÿæ¢°ç¿»è¨³â€–ğŸ®pjsk,d4dj,md/maimaiï¼ˆå†…å±ï¼‰â€–âš ï¸æ”¿æ²»ä¸å…³å¿ƒâ€–âš ï¸åªfoæœ‰éŸ³æ¸¸æˆåˆ†çš„â€–å°å·å‘éŸ³æ¸¸ä¹‹å¤–å†…å®¹:@qiqinb7",4/2/2020,false,31701,819,814,136194,4738,æˆ‘æ˜¯èµ›åšé¦™è•‰çŒ«ï¼,https://bsky.app/profile/qqchang777.bsky.social,https://x.com/QQChang777,https://pbs.twimg.com/profile_images/1961301565874352128/GV7AF6Zn_400x400.jpg,https://pbs.twimg.com/profile_banners/124552417097...,false,false
162653187,ãƒ­ãƒ¬ãƒ³ã‚¹,winooxx,ã‚¯ã‚½éŸ³ã‚²ãƒ¼ãƒãƒ¼ï¼Œãƒãƒƒãƒˆä½æ°‘ã€ãƒ€ãƒ¡äººé–“ è´Ÿèƒ½é‡æ¨ï¼ŒåŸºæœ¬æ˜¯æ‹¿æ¥å‘ä¸æ•¢åœ¨ç†Ÿäººå¤šçš„åœ°æ–¹è¯´çš„è¯ï¼ŒæŠ±æ­‰,7/4/2010,false,3684,223,528,1260,85,/dev/null,,https://x.com/winooxx,https://pbs.twimg.com/profile_images/1117755540052959234/473_7uCq_400x400.jpg,https://pbs.twimg.com/profile_banners/162653187/13...,false,false
1495341030937227267,AlphatuğŸ‡,Alphatu4,YaqiZHANG @Alphatu4 in MENAï½œEngineer â¡ï¸Author&Founder&Writer | |NerdDiplomatğŸ¤— | Author of 2 Books |Speaker of @pku1898 @penn @ApacheCon,2/20/2022,false,4744,3118,1346,4801,861,Universe,https://mvp.microsoft.com/en-US/MVP/profile/9c7a0ff4-1d9e-ed11-83ff-000d3a5600fa,https://x.com/Alphatu4,https://pbs.twimg.com/profile_images/1611931502190944256/aKVckRbS_400x400.jpg,https://pbs.twimg.com/profile_banners/149534103093...,false,false
1636913725327446017,ä¼Šé›¶æ˜Ÿ,LingSing7263,å¶„æ–°è¬ç‰©æ­£ä¸Šå‡å¹»æ»…å¦‚æ˜æ˜Ÿ,3/18/2023,true,5661,636,914,20598,393,æ˜Ÿä¹¡,https://t.me/aboutGalaxyYi,https://x.com/LingSing7263,https://pbs.twimg.com/profile_images/1932970436855484416/OMDb7grU_400x400.jpg,https://pbs.twimg.com/profile_banners/163691372532...,false,false
897316123,lazyparser,lazyparser,"Founder of Jiachen Project. Co-Founder & VP of KUBUDS. RISC-V Ambassador. ex-Founder of PLCT Lab. Community builder esp. HelloLLVM, HelloGCC, RISC-V",10/22/2012,false,25,101,129,390,2,,http://lazyparser.com,https://x.com/lazyparser,https://pbs.twimg.com/profile_images/1880864143579791360/CdgKy2e2_400x400.jpg,https://pbs.twimg.com/profile_banners/897316123/17...,false,false
4859337432,wlt233,wlt233,ãƒ‹ã‚¸ã‚¬ã‚¯ / LoveLive / ONGEKI / FF14 / Shanghai / https://t.co/LCJWOq0uni,2/4/2016,false,129,120,2135,48462,53,,https://tqlwsl.moe,https://x.com/wlt233,https://pbs.twimg.com/profile_images/1869087805487587328/GZ7D1ibL_400x400.jpg,https://pbs.twimg.com/profile_banners/4859337432/1...,false,false
1592404312759508992,é˜¿æ³•å…”,Alphatu5,é˜¿æ‹‰ä¼¯è¯­å­¦ä¹ ä¸­ï½œä¸­ä¸œåŒºåŸŸå›½åˆ«ç ”ç©¶ï½œåˆ›ä¸šè€…ï½œå·¥ç¨‹å¸ˆâ¡ï¸åª’ä½“äººï½œå‡ æœ¬ç§‘æŠ€ä¸»é¢˜ä¹¦ç±çš„ä½œè€… | ç¥ç§˜ITç¤¾åŒºåˆ›å§‹äººï½œç¢³ç¡…ç”Ÿç‰© &å¸ƒæœ—è¿åŠ¨ï½œæ–°ä¸€ä»£ä¿¡æ¯æŠ€æœ¯ç ”ç©¶ | |Building @thesingularX | å¾®ä¿¡å…¬ä¼—å·ï¼šé˜¿æ³•å…”ç ”ç©¶ç¬”è®°/å¥‡ç‚¹è¾¹ç•Œ,11/15/2022,false,3125,3860,342,1828,469,,https://web.okjike.com/u/9CCE6435-0766-487E-BF96-8B3953A343DE,https://x.com/Alphatu5,https://pbs.twimg.com/profile_images/1614410792639819776/eRPTzP_t_400x400.jpg,https://pbs.twimg.com/profile_banners/159240431275...,false,false
1471310582070464512,â„“,L_eacc,e/acc | #AI #ç©å¡ #å……ç”µå¤´ #è½¯è·¯ç”± | crypto @lyle_defi,12/16/2021,true,10088,6134,307,19671,1175,,http://lyle.im,https://x.com/L_eacc,https://pbs.twimg.com/profile_images/1962784054484574208/7TTI45B1_400x400.jpg,https://pbs.twimg.com/profile_banners/147131058207...,false,false
287248731,é—·ç“œè›‹å­,fookwood,è‡ªç”±èŒä¸šå…¨å¹²ç¨‹åºå‘˜ï¼Œè¯‘ä½œã€ŠJavaæ€§èƒ½æƒå¨æŒ‡å—ã€‹ï¼Œä¸Šçº¿APPğŸ“±ç®—æ¸…ç¨,4/25/2011,false,1009,1398,1555,353,62,æ­å·,http://fookwood.com,https://x.com/fookwood,https://pbs.twimg.com/profile_images/1220246641040478209/Neyd_-F__400x400.jpg,https://pbs.twimg.com/profile_banners/287248731/15...,false,true
1272080694940798976,.,Bird_030908,Ordinary Person.,6/14/2020,false,3,596,162,1322,0,,,https://x.com/Bird_030908,https://pbs.twimg.com/profile_images/1962553808682459136/RcdEEzGH_400x400.jpg,,false,false
1511916185977503745,dystopia,dystopia_chuni,Ex-OIer | Computer Science | MUG,4/7/2022,false,454,33,34,3348,95,Beijing,,https://x.com/dystopia_chuni,https://pbs.twimg.com/profile_images/1677215588480077825/uioIIZvU_400x400.jpg,https://pbs.twimg.com/profile_banners/151191618597...,false,false
1559060092900614144,æ²¹ç‚¸å°èœåŒ…ğŸ¥º,so1v3,@vuejs ğŸ¥°ğŸ¥°ğŸ¥°,8/15/2022,false,2047,1808,1679,11339,158,æ—¥æš®é‡Œ,http://mk1.io,https://x.com/so1v3,https://pbs.twimg.com/profile_images/1806269546187345920/eAa6hFyN_400x400.jpg,,false,false
1095969568252514306,MCU,realmcucm,MCU,2/14/2019,true,1945,2596,648,5213,445,Beijing XC,,https://x.com/realmcucm,https://pbs.twimg.com/profile_images/1659929148201275392/5oGMKBdo_400x400.jpg,https://pbs.twimg.com/profile_banners/109596956825...,false,false
1543580881540943872,è‰çº¸,TranzeLuo,æŠ€æœ¯å‘ â†’ @C4O2H1 | å½“æœ‹å‹åœˆå‘ | MSA Gold | é—æ†¾åœ°æˆä¸ºç”·å¤§ | æˆ–è®¸æ˜¯ 18 y.o. | è±«è£”æ¸ç± | å…³æ³¨é‡åº†è½¨é“äº¤é€šè°¢è°¢å–µ | ğŸŒˆ | ç®€/éƒ¨åˆ†ç¹ä¸­ ğŸ‰‘ EN-US OK | çº¯è‰¯ä¸‰å¥½å°åŒ åªå£å—¨ ä¸çº¦ | AMA: https://t.co/68tSd8G7BR,7/3/2022,true,8494,1633,316,108490,1774,B4/BG8,https://caozhi.li,https://x.com/TranzeLuo,https://pbs.twimg.com/profile_images/1980065308174860288/PEfJdRZn_400x400.jpg,https://pbs.twimg.com/profile_banners/154358088154...,false,false
1123843587614105601,ğŸ€ç„¦ç³–å¸ƒä¸ğŸ®ğŸ¥,chino_pudding,å­¦ç”Ÿ/cs,5/2/2019,true,149,56,69,313,28,"Nanking,china",,https://x.com/chino_pudding,https://pbs.twimg.com/profile_images/1423202222142230528/d2Z7R3kL_400x400.jpg,https://pbs.twimg.com/profile_banners/112384358761...,false,false
2922303336,Anqur,anqurlu,"Compiler engineer enchanting Julia. Former: Senior Engineer @ShopeeSG, Engineer @Huawei, Intern @Seasungames.",12/8/2014,false,2137,591,264,3490,128,"Chengdu, China",http://github.com/rowscript/rowscript,https://x.com/anqurlu,https://pbs.twimg.com/profile_images/1887915179847094272/iiLCk2dh_400x400.jpg,,false,false
1117281463710277633,è¯—éœœå­,utashimoshi,æœ‰ä¸ªå¾ˆå¯çˆ±çš„äººï¼Œæ­£åœ¨è¯»æˆ‘çš„ç®€ä»‹/infp/è„¾æ°”è¶…å¥½ï¼Œä¸ä¼šç‚¸æ¯›/å¦‚æœå–œæ¬¢æˆ‘ï¼Œå¯ä»¥è€ƒè™‘æŠ•å–‚è‚‰è‚‰ https://t.co/LCtq8a8PkK,4/14/2019,true,43644,26937,1948,79728,1606,å¾¡èŠ±ä¼š,,https://x.com/utashimoshi,https://pbs.twimg.com/profile_images/1821847256791969799/JHZDhShS_400x400.jpg,https://pbs.twimg.com/profile_banners/111728146371...,false,false
1662868032904122368,Equilibrium,Equiliw,ã€ŒResonanceã€,5/29/2023,false,1889,110,74,16063,470,,,https://x.com/Equiliw,https://pbs.twimg.com/profile_images/1870499413149548544/Fx7LFy7o_400x400.jpg,https://pbs.twimg.com/profile_banners/166286803290...,false,false
1470050550083465217,DN-Samuel ğŸ§‘â€ğŸ’»,SamuelQZQ,AIé¢†åŸŸè§†é¢‘åšä¸» å…¨ç½‘60ä¸‡å…³æ³¨ | Crypto Builder & Holderï½œè‹å·çº¿ä¸‹å¼€å‘è€…ç¤¾ç¾¤ğŸ·ç†äººï½œå‰å¾®è½¯å·¥ç¨‹å¸ˆ,12/12/2021,true,1207,17992,698,2779,136,,http://qzq.at,https://x.com/SamuelQZQ,https://pbs.twimg.com/profile_images/1633090580543676416/7nhHRLUS_400x400.jpg,https://pbs.twimg.com/profile_banners/147005055008...,false,true
1477283262053584897,è›‹æ’»,kaguratart,æ™®é€šçš„è›‹æŒï¼Œä¸€å—é’±2ä¸ª,1/1/2022,true,1690,226,520,9043,40,,,https://x.com/kaguratart,https://pbs.twimg.com/profile_images/1477283478911684611/FcU8VANR_400x400.jpg,,false,false
1420205241404772352,çƒŸæ³¢@WorkWorkï½œğŸ¡,YanboOfficial,21yo.ï½œprev. DevRel & Now Cooking @WorkWorkOrgï½œDrop outï½œDigital Nomad & Photoghapherï½œBudget travel 18 countries.ï½œYOLOï½œTwitter is my Diary.ï½œMake difference.,7/28/2021,true,17537,5332,1520,89473,2388,Remote,https://bonjour.bio/yanbo,https://x.com/YanboOfficial,https://pbs.twimg.com/profile_images/1721865807926538240/lGu5XZsR_400x400.png,https://pbs.twimg.com/profile_banners/142020524140...,false,true
1618324076992548865,Rosmontic,Rosmontis233,äººï½œå¤§äºŒï½œğŸ¥ï½œPGPï¼š3CFE FAB3 CAC1 CC73 5D67 DF41 BFFB 7708 8E66 43DCï½œhttps://t.co/I60tmXcy7z,1/26/2023,false,7064,2395,508,8129,690,å°¤æ‹‰ IX - ç»Ÿä¸€åˆä½œå…³ç³»éƒ¨ åŠå…¬ç½²,http://example.com,https://x.com/Rosmontis233,https://pbs.twimg.com/profile_images/1906737688025411584/NWUJFhEE_400x400.jpg,https://pbs.twimg.com/profile_banners/161832407699...,false,false
1093295213362085888,æ—¥å‘ã‚‚ã‚Šã›ã‚“,HinataMorisen,èŒæ–° kiger / Lolita çˆ±å¥½è€…  / ä½›ç³»ä¸Šæ¨,2/7/2019,false,474,662,169,1595,187,,,https://x.com/HinataMorisen,https://pbs.twimg.com/profile_images/1093295833200521216/f-xcfnxQ_400x400.jpg,https://pbs.twimg.com/profile_banners/109329521336...,false,false
1446841776505950209,eru,Eru_Usagi_,ä¸å¯ä»¥æ€»è¯´è‡ªå·±æ˜¯ç¬¨è›‹ï¼Œæ‰€ä»¥ç°åœ¨æ˜¯ä¸ªèªæ˜è›‹ğŸ˜š,10/9/2021,true,4315,4893,805,17127,305,ä¸Šæµ·&æ­å·,,https://x.com/Eru_Usagi_,https://pbs.twimg.com/profile_images/1584146866689622017/g29Wxo36_400x400.jpg,https://pbs.twimg.com/profile_banners/144684177650...,false,false
1565929783317635074,Toh Jing Hua,nikushii_,ğŸ‡¸ğŸ‡¬ Business and Computer Science Senior at NTU ğŸ§  Research Multimodal Reasoning + NLP ğŸŒ Full-Stack Web ğŸ’• Open-Source ğŸ† 2x Hackathon Champion,9/3/2022,true,199,287,243,770,1,Singapore,https://github.com/ztjhz,https://x.com/nikushii_,https://pbs.twimg.com/profile_images/1712669267429367808/u-5r4Kt3_400x400.jpg,https://pbs.twimg.com/profile_banners/156592978331...,false,false
1151458774445486080,äº‘å¾®,yunwei37,"Stupid, but try to keep Learning, curiosity and Courage | Creator https://t.co/UWe3rFdsqC |  eBPF & AI | Bring new orders and chaos! | ğŸŸå¥½åƒ",7/17/2019,true,1249,1070,2079,42414,43,SF,http://github.com/yunwei37,https://x.com/yunwei37,https://pbs.twimg.com/profile_images/1623013407808184320/1BzUPPxh_400x400.jpg,,false,false
3378804434,McxiaoweiğŸ±ğŸ’«,McXiaowei,aka. å°é­ / ç¾é£Ÿã€æ—…è¡Œä¸æ—¥å¸¸ / éŸ³æ¸¸ / ACG / äº¤é€šè¿è¾“ / å·æ¸å¸¸é©» / æ”¿æ²»ç¦æ­¢ï½œè±†è… @podf14 /ç°å–œé¹Š @ice06382670 / Admiralty @Meowneko_Mio / æ„Ÿè°¢ä½ çš„å…³æ³¨ï½,8/29/2015,true,6762,1964,895,129890,495,KIC 8462852,https://t.me/+5X0GuEv-a3JmYTE9,https://x.com/McXiaowei,https://pbs.twimg.com/profile_images/1746831718320095232/IU_EWAnj_400x400.jpg,https://pbs.twimg.com/profile_banners/3378804434/1...,false,false
824511434843303936,Kenji Mouri / æ¯›åˆ© ç ”äºŒ,MouriNaruto,Founded @M2TeamOfficial. Author of NanaZip and NanaBox. Microsoft MVP (DT & WD). Research Windows user mode and Hyper-V guests as hobbies. Opinions are my own.,1/26/2017,false,1389,854,390,7745,239,,https://github.com/MouriNaruto,https://x.com/MouriNaruto,https://pbs.twimg.com/profile_images/1583234738407411713/q6Ln_6w0_400x400.jpg,https://pbs.twimg.com/profile_banners/824511434843...,false,false
1576979771132559363,M2-Team,M2TeamOfficial,"The official Twitter account of the software development team created by Himi Misaki, Kenji Mouri and Ruqing Yang in June 18, 2015.",10/4/2022,false,56,100,1,4,2,,https://m2team.org,https://x.com/M2TeamOfficial,https://pbs.twimg.com/profile_images/1576979859657539597/HfpgY6HC_400x400.jpg,https://pbs.twimg.com/profile_banners/157697977113...,false,false
1314640880607793152,SuzumiyaKonata,SuzumiyaKonata,gï¼‹ï¼‹,10/10/2020,false,0,2,11,4,0,,,https://x.com/SuzumiyaKonata,https://abs.twimg.com/sticky/default_profile_images/default_profile_400x400.png,,false,false
1916776170,Makito,sumimakito,with beloved @BakaChinatsu Â· a replaceable build,9/29/2013,true,18885,3814,808,19339,2662,åšéº—ç¥ç¤¾,https://maki.to,https://x.com/sumimakito,https://pbs.twimg.com/profile_images/1981305312956055552/i5pkE-MA_400x400.jpg,https://pbs.twimg.com/profile_banners/1916776170/1...,false,false
383503253,Micro å°ç†ŠçŒ«,xxm459259,"Applied Scientist @Microsoft, helping M365 Copilot understand documents better. About: https://t.co/eIRKgrphvn  ä¸€ä¸ªä¸­å¹´é˜¿å®…",10/2/2011,false,33091,43632,1943,18298,3012,è‹å·,https://xxm.plus/,https://x.com/xxm459259,https://pbs.twimg.com/profile_images/1560910357811433473/2QvMKJSB_400x400.jpg,https://pbs.twimg.com/profile_banners/383503253/16...,false,false
11594482,mlsx,01mlsx,Addax(https://t.co/uE8W40QIem),12/28/2007,true,8438,3705,1287,934,1335,,,https://x.com/01mlsx,https://pbs.twimg.com/profile_images/1619678928809136128/TFlDxoD9_400x400.jpg,https://pbs.twimg.com/profile_banners/11594482/167...,false,false
1356301383503372289,Elaine ğŸŒŸ,ElaineYan_,building sth new | Software Engineer | Self-taught Musician | ç¡è§‰ä¸­...,2/2/2021,true,10557,4719,300,17706,1901,"Honululu, HI",https://mstdn.social/@elaineyan,https://x.com/ElaineYan_,https://pbs.twimg.com/profile_images/1491894896856236051/UnNDQZ9e_400x400.jpg,https://pbs.twimg.com/profile_banners/135630138350...,false,false
1552136377235451904,æ¸¸æˆäººæœ±äº‘æ°,gamer_zyj,ç”¨å¿ƒåŠ©åŠ›å…¨å›½ç©å®¶å®ç°æ¸¸æˆè‡ªç”±ï¼Œåˆ†äº«æ¸¸æˆä¸ç”Ÿæ´»çš„ç¾å¥½ç¬é—´ï¼,7/27/2022,false,61,1826,48,36,35,Hong Kong,,https://x.com/gamer_zyj,https://pbs.twimg.com/profile_images/1552138735780708352/mjFTtRbP_400x400.jpg,,false,false
1343600125805916162,RangiLyu,RangiLyu,ç‚¼ä¸¹å¸ˆ / Author of NanoDet / OpenMMLabæ¬ç –ä¸­ / æ—¥å¸¸å‘åšèœå›¾&ç¾é£Ÿ&äºŒæ¬¡å…ƒ / å¤§å·è¢«æ¨ç‰¹å¤¹äº†QAQ,12/29/2020,false,104,124,198,1400,49,,http://github.com/RangiLyu/nanodet,https://x.com/RangiLyu,https://pbs.twimg.com/profile_images/1343600710579965952/8Whds8Gc_400x400.jpg,https://pbs.twimg.com/profile_banners/134360012580...,false,false
2721275622,æ‹¾ä¸€.ens18,__oQuery,ç å­—ç æ–‡ï¼Œå•èº«ç‹—åšä¸€è¾ˆå­ | AI Coder | INFP-T | Front-end | NestJS | React | NeoVim | NextJS | ex @xiaohongshu | All views are my own,8/10/2014,true,7647,8588,947,11810,830,Shanghai,http://github.com/innei,https://x.com/__oQuery,https://pbs.twimg.com/profile_images/1642007137504329728/AdwDOnCq_400x400.jpg,https://pbs.twimg.com/profile_banners/2721275622/1...,false,true
818820917044211712,é›¨å®®ï½¥ã„ã‚ã‚Š,Iris_Amamiya,"X-Googler | Silicon Valley | They/them/she/her | ğŸŒˆGender-queer coser! |å¨å¨˜/å¦†å¨˜/å¦¹æ‘„æŠ€èƒ½ç»ƒä¹ ä¸­| Fullstack, UI/UX, HCI",1/10/2017,false,2539,1300,1556,15221,585,"San Francisco, CA",https://t.me/angelika_br_tar,https://x.com/Iris_Amamiya,https://pbs.twimg.com/profile_images/1642769890888273921/VJBR9Qfi_400x400.jpg,https://pbs.twimg.com/profile_banners/818820917044...,false,false
954180304343715840,å­è± - e/acc,llennchan2003,"Backend/SRE, occasionally performing CEO duties. She/her å¶å°”å–œæ¬¢å‘ç©ç¬‘æ¨ï¼Œå¥½ç©æ¯”æ­£ç¡®æ›´é‡è¦ã€‚",1/19/2018,true,2351,13260,1511,1284,77,,,https://x.com/llennchan2003,https://pbs.twimg.com/profile_images/1182317342887305216/BFVLlBvC_400x400.jpg,https://pbs.twimg.com/profile_banners/954180304343...,false,true
186923385,Mili,MiliZhang,ã©ã“ã§ã‚‚ã„ã‚‹ãƒ—ãƒ­ã‚°ãƒ©ãƒãƒ¼ | ã‚²ãƒ¼ãƒ ãƒ‡ã‚¶ã‚¤ãƒŠãƒ¼ä¿®æ¥­ä¸­,9/5/2010,false,240,92,235,1545,8,"Redmond, WA",http://studio-symphonie.org,https://x.com/MiliZhang,https://pbs.twimg.com/profile_images/1118575212/pag_caramelldansen3_400x400.jpg,,false,false
183169290,è¦ä¼˜é›…ä¸è¦æ±¡çš„é›¶,ling0322,LOVE~è¿œå­å­¦å§/æ•°å­¦å­¦æ²«/æ‰‹æ®‹å…š/å–µ~/å–èŒèƒ½åŠ›ä¼¼ä¹ä¸‹é™äº†/NLP/Python/C++/æˆ˜æ–—åŠ›åªæœ‰5,8/26/2010,false,30912,2810,2158,3418,538,å–µ~,,https://x.com/ling0322,https://pbs.twimg.com/profile_images/1358377317282680835/wS3aSLzn_400x400.jpg,https://pbs.twimg.com/profile_banners/183169290/14...,false,false
1171049462942195712,å¼€è„†å…”w,kaicuirabbit,ğŸ‡¨ğŸ‡³KaiCui / Furryï¼ˆbunnyï¼‰ / Artist / maimai player /sdvx player /  daily Twitter / NSFWâ†’@KaicuiCafe / pixivâ†’ https://t.co/hO5N1yHM50,9/9/2019,true,548,2138,79,353,337,Guangdong,,https://x.com/kaicuirabbit,https://pbs.twimg.com/profile_images/1825196527406768128/zJnKoJKQ_400x400.png,https://pbs.twimg.com/profile_banners/117104946294...,false,false
1085791168040861696,ğŸ²,sezrijo,2013å¹´çš„ä¸­å±±å…¬åœ’ç«™,1/17/2019,true,6828,2862,986,15321,1189,"London, England",https://t.me/pre_yoyogi,https://x.com/sezrijo,https://pbs.twimg.com/profile_images/1950291540745572352/Usckxa0p_400x400.jpg,https://pbs.twimg.com/profile_banners/108579116804...,false,false
894790810901794816,å¤å ‡ -ãªã¤ã®ã™ã¿ã‚Œ-,Blanca0DE3DF,å‘‰/CH/EN/JP/not trans/not alcoholic/æ— ç²¾ç¥ç—…å²/ç«åŠ›å……è¶³/å¡ç‰‡æ”¶é›†çˆ±å¥½è€…/ä¸€èˆ¬éŸ³æ¸¸ç©å®¶/ã‚¦ã‚£ã‚¹ã‚­ãƒ¼åˆå¿ƒè€…,8/8/2017,true,3005,119,142,14737,485,Soochow,,https://x.com/Blanca0DE3DF,https://pbs.twimg.com/profile_images/1464301144097062912/3SfsGuls_400x400.jpg,https://pbs.twimg.com/profile_banners/894790810901...,false,false
3317752194,sahuang,sahuang97,Founder @ProjectSekaiCTF | Web3 Security Researcher (Move/Solana/Rust) | Ex Software Engineer @Microsoft | Chunithm è™¹ãƒ¬,8/17/2015,true,12810,3341,744,12992,1616,China,https://github.com/sahuang,https://x.com/sahuang97,https://pbs.twimg.com/profile_images/1686495519550603264/aLhIyL-J_400x400.jpg,https://pbs.twimg.com/profile_banners/3317752194/1...,false,false
1243193606317342721,Clarice,RorelynnZ,äººç±»éƒ½æ˜¯è‚‰å—ï¼Œå¤§è‚‰å—ï¼Œå°è‚‰å—ï¼Œéƒ½æ˜¯è‚‰å—ï¼Œè€¶,3/26/2020,false,1560,104,634,7797,216,"London, England",,https://x.com/RorelynnZ,https://pbs.twimg.com/profile_images/1508840278383337482/qS9pWjUg_400x400.jpg,https://pbs.twimg.com/profile_banners/124319360631...,false,false
1275274283418136576,å®ç¡•,renbaoshuo,"ğŸ‡¨ğŸ‡³ 17 y.o. / Student & Developer & OIer  Rarely check DMs, please email me for inquiries. Likes/RTs are not endorsements.",6/23/2020,true,790,689,377,1712,165,"Shijiazhuang, China",https://baoshuo.ren/,https://x.com/renbaoshuo,https://pbs.twimg.com/profile_images/1804863797196369920/s9Wk-Sj9_400x400.jpg,https://pbs.twimg.com/profile_banners/127527428341...,false,false
1457758258152759301,Index,HyleIndex,å‰OIerï¼Œè™šå‡æ‘„å½±å£¬ï¼Œç›®å‰å¯¹formal verificationï¼Œtype theoryå’Œç¥å¥‡çš„èŒƒç•´è®ºæ„Ÿå…´è¶£ï¼ŒBSc @polytechniqueï¼ŒPhD Candidate @Yale,11/9/2021,true,1285,1082,120,2489,274,"New Haven, CT",,https://x.com/HyleIndex,https://pbs.twimg.com/profile_images/1868112497661575168/l9B1sRlS_400x400.jpg,https://pbs.twimg.com/profile_banners/145775825815...,false,false
791155015360667649,Neko Â· çµ¢é¦™çŒ« ayakaneko@mas.to,ayakaneko,You can call me Neko! Now working on AI Companion @proj_airi https://t.co/cMCndYRTWY | Core member of @moeru_ai | AI Infra | Memory | Literally Fullstack,10/26/2016,true,24967,11319,1655,33957,1118,"AGC 7680, Ayaka Universe",https://github.com/nekomeowww,https://x.com/ayakaneko,https://pbs.twimg.com/profile_images/1666108233503887360/twrzhI9X_400x400.jpg,https://pbs.twimg.com/profile_banners/791155015360...,false,true
854961960525475840,esterTion,esterTion,è¾£é¸¡å†™ä»£ç çš„ä¸€ä¸ª,4/20/2017,false,1156,220,65,16356,293,CHN,https://estertion.win/,https://x.com/esterTion,https://pbs.twimg.com/profile_images/858263869235396608/Excw2OYo_400x400.jpg,,false,false
1019571106858987520,ç»¿èŒ¶Yuuki,Yuuki_Channn,å…¨ç½‘åŒåå”¯ä¸€æŒ‡å®šç»¿èŒ¶Yuuki / è¾ƒä¸ºç‹‚çƒ­çš„è¡—æœºéŸ³æ¸¸çˆ±å¥½è€… / æ–‡å¨±ä»ä¸šè€… / åäº”å¹´è‘±å¨ä¸è¯·è‡ªæ¥ / ä¸€ä¸ªå…·æœ‰ä¸ƒæƒ…å…­æ¬²çš„æ™®é€šäºº / ä¸å›æ— æ„ä¹‰ç§ä¿¡ / æœ¬æ¨æˆåˆ†ä¸ºä¸ªäººçš„äº’è”ç½‘åƒåœ¾æ¡¶ï¼Œä¸å»ºè®®å…³æ³¨,7/18/2018,true,1726,3028,83,275,643,,,https://x.com/Yuuki_Channn,https://pbs.twimg.com/profile_images/1052994620177534976/GkSKltKK_400x400.jpg,,false,false
1453589598576136194,ç¾Šåšå£«,ybspro_official,Founder of CVESlab & https://t.co/OR7BwbnWeL / Security Analyst / Anti-Cybercrime,10/28/2021,true,56,10856,157,80,23,The People's Republic of China,,https://x.com/ybspro_official,https://pbs.twimg.com/profile_images/1866737786184957952/YSCEd4G__400x400.jpg,https://pbs.twimg.com/profile_banners/145358959857...,false,true
1000058510908899328,IlllIllllIIl,IlllIllllIIl_,,5/26/2018,false,327,2220,1160,423,103,,,https://x.com/IlllIllllIIl_,https://pbs.twimg.com/profile_images/1967255602348105728/zKB6qt8I_400x400.jpg,,false,false
997698770761478144,MoonLight Biscuits not at scale | é¥¼å¹² ğŸª,MoonLightBiskit,Mixed zh-CN and en-US account for @imbushuo.  biu~ â¤ï¸â¤ï¸â¤ï¸ @Fujii_shiki,5/19/2018,false,24212,347,383,44298,3138,Sunnyvale/Seattle/?,http://imbushuo.net,https://x.com/MoonLightBiskit,https://pbs.twimg.com/profile_images/1316038351967850504/DvGWRPC5_400x400.jpg,https://pbs.twimg.com/profile_banners/997698770761...,false,false
1536509575,WJH,WJH_NonR,,6/21/2013,true,1,21,254,2,0,,https://www.eventernote.com/users/NonR/,https://x.com/WJH_NonR,https://pbs.twimg.com/profile_images/936797273714868224/nTjXQohh_400x400.jpg,,false,false
4726210633,suxb201,suxb201,éä¸»æµæ•°æ®åº“ç ”å‘ / å¤šæ™’å¤ªé˜³,1/8/2016,true,2968,639,351,6425,1151,Hangzhou,,https://x.com/suxb201,https://pbs.twimg.com/profile_images/1249557370943881216/UDWipL-N_400x400.jpg,https://pbs.twimg.com/profile_banners/4726210633/1...,false,false
1332556850701627392,B1ackBinary,b1ackbinary,ä¿¡æ¯å®‰å…¨ | Geek | è™šå‡çš„ CTF Player | å‰ OIer | NLP è§ä¹ ç‚¼é‡‘æœ¯å£« | Rustacean | çƒ­çˆ± ACG | DD | FPS ç©å®¶ | é¹…å‚æ‰“å·¥äºº,11/28/2020,false,328,441,756,4524,37,"Shanghai, People's Republic of",http://github.com/black-binary,https://x.com/b1ackbinary,https://pbs.twimg.com/profile_images/1441405742376837125/yuC_uPmT_400x400.jpg,https://pbs.twimg.com/profile_banners/133255685070...,false,false
804964349181730816,PanPig,panpigcom,Developer | Build in Public | Tech + Crypto,12/3/2016,false,93,482,307,1463,10,UTC+8,,https://x.com/panpigcom,https://pbs.twimg.com/profile_images/1899082094606958592/58cZyakg_400x400.jpg,,false,false
1544793769392078848,zcysky,zcyskyqaqqwq,Academic username: Chenyu Zhou /PL&FM PhD Student @CSatUSC /Applied Sci Intern @AWS /Alumni @2024_HUST /staff https://t.co/dD6dxuGHs5 / éµã£å­ keyfan/Opinions are my own,7/7/2022,true,184,177,359,441,17,"Freehold, Tiragarde Sound",https://self.shiroha.info,https://x.com/zcyskyqaqqwq,https://pbs.twimg.com/profile_images/1628062450041098243/buYRwsr-_400x400.jpg,https://pbs.twimg.com/profile_banners/154479376939...,false,false
1249220821198880768,Schrodinger Zhu @UofR,ZhuSchrodinger,PhD student @UofR. A stupid programmer who wants to learn a lot of things | SYS | OS | PLT | GTB: SchrodingerZhu | PGP: BA02CBEB8CB5D8181E9368304D2CC545A78DBCC3,4/12/2020,false,326,363,212,355,54,"Rochester, NY",http://github.com/schrodingerzhu,https://x.com/ZhuSchrodinger,https://pbs.twimg.com/profile_images/1721206547601100801/7XtSo0jy_400x400.jpg,https://pbs.twimg.com/profile_banners/124922082119...,false,false
4789123333,Mæ™“,MSF_Akatsuki,â˜ªï¸ğŸ¾ğŸ°ğŸ­/æ°´ç€¬ã„ã®ã‚Š  Vtuberã®è©±ã¯æ—¥æœ¬èªã§ã€ãã‚Œä»¥å¤–ã¯ä¸­å›½èªã‹è‹±èªã§ã¤ã¶ã‚„ãã¾ã™,1/20/2016,false,489,142,319,7389,15,Cryptography@SJTU,http://blog.msfakatsuki.com,https://x.com/MSF_Akatsuki,https://pbs.twimg.com/profile_images/1386322884042190856/sty9lfpv_400x400.jpg,,false,false
1201075603,Misty,MiscMisty,"Reverse engineer, CTF player at Nu1L(China) & Tea Deliverers, loves Lolita/JKS, ğŸŒˆloves yuri~",2/20/2013,false,705,2775,772,4740,42,"åŒ—äº¬, ä¸­åäººæ°‘å…±å’Œå›½",,https://x.com/MiscMisty,https://pbs.twimg.com/profile_images/888615711962038272/r7cMbBr3_400x400.jpg,https://pbs.twimg.com/profile_banners/1201075603/1...,false,false
77738825,ğŸŒ,Dreista,All activities on Fediverse (Link below) | Retweet-only Account èµ›åšæ¼‚æµä¸­ | ã‚¢ã‚¿ã‚·å†ç”Ÿç”£,9/27/2009,false,2348,160,230,8,0,wi(l)d-screen baroque,https://9dd39ea1-2b18-4484-a29b-701efe543226.tvt.moe/@dreista,https://x.com/Dreista,https://pbs.twimg.com/profile_images/1551005410009702401/Z9AfKztm_400x400.png,https://pbs.twimg.com/profile_banners/77738825/165...,false,false
1365213601020043271,ç»®ç½—çŒ«,DeliciousMMU,ä¸å¸¸çœ‹æ¶ˆæ¯çš„æ‘¸é±¼æ€ªã€‚ä¸ä¼šç”»ç”»ã€‚,2/26/2021,false,6,14,18,5,4,,,https://x.com/DeliciousMMU,https://pbs.twimg.com/profile_images/1391698222188355590/3tymuOxi_400x400.jpg,https://pbs.twimg.com/profile_banners/136521360102...,false,false
1089527871972896770,çŸ¢æ¾¤è“®å­,yazawa_hasu,/dev/null,1/27/2019,false,920,939,792,7880,168,127.0.0.1,,https://x.com/yazawa_hasu,https://pbs.twimg.com/profile_images/1089735816421625856/zo1UrfCD_400x400.jpg,,false,false
824207364500795393,ouuan,ouuan,,1/25/2017,false,662,315,82,1506,102,,,https://x.com/ouuan,https://pbs.twimg.com/profile_images/1654494150459375617/0AEc64Jg_400x400.jpg,,false,false
853077090559680513,GNAQ,GNAQQAQ,Nowhere now here.  Rhetorical AI Master @SomeWeirdUniversity â€– Amateur specialty coffee barista â€– Ex-ICPCer â€– Rhythm Gamer @ LiR-team Arcaea/osu!/more,4/15/2017,false,11,33,107,260,3,,,https://x.com/GNAQQAQ,https://pbs.twimg.com/profile_images/1292565029762420736/qsMP8Dl9_400x400.jpg,https://pbs.twimg.com/profile_banners/853077090559...,false,false
18282310,Felix Yan,felixonmars,"https://t.co/UM22yIA35U Arch Linux Developer, RISC-V Porter, probably a fox. PGP Key: 0x786C63F330D7CB92",12/21/2008,true,56678,13618,4368,78,717,"Wuhan, Hubei, China",http://felixc.at,https://x.com/felixonmars,https://pbs.twimg.com/profile_images/2665417000/62b553551cd29762e9a7214ff4f7ed80_400x400.jpeg,,false,false
2289797196,mathlover,Ilovemathlover,"Love maths, love science, love algorithms.",1/13/2014,false,469,165,169,181,8,,,https://x.com/Ilovemathlover,https://pbs.twimg.com/profile_images/905883678705725440/pkeJwwcT_400x400.jpg,,false,false
923125660419112960,rvalue,_rvalue,"CS@RUC | INTP-T | SIGHIBR | zh-N,en-2,jp-1 | https://t.co/549Yimhk4C",10/25/2017,false,2,41,94,1,0,,,https://x.com/_rvalue,https://pbs.twimg.com/profile_images/974556365430509568/bO_PApqX_400x400.jpg,,false,false
885761164898062336,MegaOwIer,MegaOwIer,ã‚¢ã‚¤ã‚³ãƒ³ç”»åƒ pid=79988645ã€‚,7/14/2017,true,95,23,148,1306,72,,,https://x.com/MegaOwIer,https://pbs.twimg.com/profile_images/1272984139331821568/JDFLPDVM_400x400.jpg,,false,false
1339133585622663173,èŒ—æŸ¯å­ Cyanoki,Cyanoki1,ç¢ç¢å¿µ,12/16/2020,true,20,75,71,49,7,,,https://x.com/Cyanoki1,https://pbs.twimg.com/profile_images/1460784327445204993/02rRxG_E_400x400.jpg,https://pbs.twimg.com/profile_banners/133913358562...,false,false
1040797352989081600,abc1763613206,abc1763613206,èœé¸¡ | æƒ³æ³•å¤§æ¦‚éƒ½ä¼šåœ¨ Telegram @abcthoughts å‘ | Ingress SDRES | IDå¤ªé•¿ä¼šæ¢æˆ wowjerry | å–œæŠ¥ï¼šç°å·²ç ´æ—§å‡çº§æˆæ¶©å›¾å·ï¼Œæ— å·®åˆ«foä¸ä»£è¡¨åŒæ„ç«‹åœº | èµ›åšæ˜Ÿåº§è¿ç»­å¤šå¹´ ENFP-T,9/15/2018,false,77,142,2132,902,13,,,https://x.com/abc1763613206,https://pbs.twimg.com/profile_images/1040797810839318533/ocemB2MY_400x400.jpg,,false,false
1324738154524418048,1oclock,yexkif,pkuåŸºç¡€æ•°å­¦åšå£«åœ¨è¯»,11/6/2020,true,41,83,154,36,0,,,https://x.com/yexkif,https://pbs.twimg.com/profile_images/1324738297474633728/nOfOCYx9_400x400.jpg,,false,false
826605418830929922,ksyx,ksyxdaily,,2/1/2017,true,1356,273,242,7056,6,,,https://x.com/ksyxdaily,https://pbs.twimg.com/profile_images/1293178140445954051/OG7-tbxH_400x400.jpg,,false,false
839431578325430272,Etaoin | @etaoin@pony.social,EtaoinWu,ï½›ä¸­ã€è‹±ï½éšæœºå‘è¨€ä¸¨å°é©¬ä¸¨æˆ‘å®¶å°çŒ« ğŸ¥° @KirimaRainfelis  {zh-CN / en} âˆ£ composure of random words | pony,3/8/2017,false,49,179,387,396,3,,https://etaoinwu.com/,https://x.com/EtaoinWu,https://pbs.twimg.com/profile_images/1799138456657936384/ojpFmNzy_400x400.jpg,https://pbs.twimg.com/profile_banners/839431578325...,false,false
1499622883663835136,ğŸŸ,Yuzi_neko,ç¥æ‚¨æ„‰å¿«ã€‚,3/4/2022,false,456,47,95,2787,27,,,https://x.com/Yuzi_neko,https://pbs.twimg.com/profile_images/1499624179527606274/hocFqNk2_400x400.jpg,,false,false
2331334849,Sengxian,Sengxian,"DCST, Tsinghua University | OIer",2/7/2014,false,31,22,37,19,9,,https://blog.sengxian.com/,https://x.com/Sengxian,https://pbs.twimg.com/profile_images/758832034273906688/oHPZ09gx_400x400.jpg,,false,false
1339490167451574272,Asahi Lina / æœæ—¥ãƒªãƒŠ ğŸ©µ 3D Yuri Wedding 2026!!!,LinaAsahi,"Hello everyone, Asahi Lina here! I'm a developer VTuber!  EN/æ—¥æœ¬èªï½œğŸ¨ #AsahiLinArtï½œPFP @7783__ï½œMy gf: @CyanNyan6 ğŸ©µ  ğŸ˜ @lina@vt.social ğŸ¦‹ @lina.yt",12/17/2020,false,6269,34980,205,9053,562,she/herä¸¨ğŸ“¨ lina@lina.yt,https://www.youtube.com/AsahiLina,https://x.com/LinaAsahi,https://pbs.twimg.com/profile_images/1940401201889050624/PNBkK6ie_400x400.jpg,https://pbs.twimg.com/profile_banners/133949016745...,false,false
1339487819903856640,Asahi Linux (@AsahiLinux@treehouse.systems),AsahiLinux,"Account retired, please follow us on Mastodon:  @AsahiLinux@treehouse.systems https://t.co/hG6ROiXY2V",12/17/2020,false,284,29695,6,83,15,,https://asahilinux.org,https://x.com/AsahiLinux,https://pbs.twimg.com/profile_images/1345991038565904385/vfqQAQ3p_400x400.jpg,https://pbs.twimg.com/profile_banners/133948781990...,false,false
1407899833935925251,Robin Lu,RobinLu2001,"(They/Them) Working on HPC and Computational Neuroscience. Bachelor@Tongji, MSc @UTokyo_GSFS  (2023.10-2025.9), @Cadence ä¸­æ–‡/English/æ—¥æœ¬èª äº‘é—¨æŒ‚é”éš¾ç•™å®¢ï¼Œä¸€ç‰‡é’å±±äº†æ­¤èº«ã€‚",6/24/2021,false,297,350,578,1864,95,,https://github.com/luyanaa,https://x.com/RobinLu2001,https://pbs.twimg.com/profile_images/1648341214020915200/nG7J3nir_400x400.jpg,https://pbs.twimg.com/profile_banners/140789983393...,false,false
900871819414061056,dramğŸ€,dramforever,"â™¥ @Hexadecimaaal | caps, mosfets, and the happiest thoughts in the universe... | she/her",8/25/2017,true,626,334,0,96,59,"Scarlet Devil Mansion, Gensokyo",https://dram.page,https://x.com/dramforever,https://pbs.twimg.com/profile_images/900872788663128065/LU7oypSN_400x400.jpg,https://pbs.twimg.com/profile_banners/900871819414...,false,false
2328290060,åŒå€å¤šå¤šå†°,Icenowy,"é™å®šæ¬¾çš„å†°æ·‡æ·‹ã€‚é­”åŠ›ä¸è¶³çš„é­”æ³•å°‘å¥³ï¼Œæœ‰å¥³ç¥¨ @RongrongQAQ ã€‚FOSS åŠç“¶é†‹ã€‚  Magical girl lack of magic, FOSS newbie contributor.  Note: I mostly use Chinese.",2/5/2014,false,3869,1312,593,449,48,Everywhere,,https://x.com/Icenowy,https://pbs.twimg.com/profile_images/1230001905587277824/46foDY9y_400x400.jpg,https://pbs.twimg.com/profile_banners/2328290060/1...,false,false
839633641533759489,Azalea,Hykilpikonna,â™ª ã‚„ã‘ã«ç™½ã„ã‚“ã  ã‚„ãŸã‚‰é•·ã„ã‚“ã  â™ª ã‚³ã‚¿ã‚¨ã¯ã ã„ãŸã„ã‚«ã‚¿ãƒã°ã‹ã‚Šã®å¸¸è­˜ã ã‚ã†,3/9/2017,false,57,240,234,682,18,æ°¸é äº­,https://aza.moe,https://x.com/Hykilpikonna,https://pbs.twimg.com/profile_images/1445198854429810690/TzeMf5yX_400x400.jpg,https://pbs.twimg.com/profile_banners/839633641533...,false,false
4398626122,OpenAI,OpenAI,OpenAIâ€™s mission is to ensure that artificial general intelligence benefits all of humanity. Weâ€™re hiring: https://t.co/dJGr6Lg202,12/7/2015,false,1484,4467154,3,1195,440,,https://openai.com,https://x.com/OpenAI,https://pbs.twimg.com/profile_images/1885410181409820672/ztsaR0JW_400x400.jpg,https://pbs.twimg.com/profile_banners/4398626122/1...,false,true
1013015120178319361,Sukka / æ¯›ç»’ç»’çš„å¤§å°¾å·´ğŸ¦Š,isukkaw,"zh/en / https://t.co/LqyNrySOVg https://t.co/W3nmtJXzQJ / Vibe Code Cleanup Specialist / Senior FE Dev / OSS Contributor / All opinions are my own, literally all of them",6/30/2018,true,2442,6562,420,5622,228,The City of Science,https://skk.moe,https://x.com/isukkaw,https://pbs.twimg.com/profile_images/1026805985363423232/3u0peLGE_400x400.jpg,https://pbs.twimg.com/profile_banners/101301512017...,false,false
1119223767228489728,(Dim) Yang Chen,dimchenc,"artist, designer and developer from China",4/19/2019,false,27,31,167,646,4,"Beijing, China",https://dimpurrc.tumblr.com/,https://x.com/dimchenc,https://pbs.twimg.com/profile_images/1569081731499663362/xsLTAoXS_400x400.jpg,https://pbs.twimg.com/profile_banners/111922376722...,false,false
1283431089663619074,Ian Yang Chen,ianyangchen,Digital Media Artist + Research Software Engineer MA Digital Humanities @ King's College London & Royal College of Art,7/15/2020,false,7,39,40,147,3,"Kensington, London",http://ianyangchen.com,https://x.com/ianyangchen,https://pbs.twimg.com/profile_images/1785745157037416448/BeCexPre_400x400.jpg,https://pbs.twimg.com/profile_banners/128343108966...,false,false
849115128,é’‰å­çš„æ—¥å¸¸æ‘¸é±¼,myccyycy,ä¼¦æ•¦æ— ä¸šæ¸¸æ°‘ / rca / bupt / plz follow @dimchenofficial,9/27/2012,true,92,1170,664,1994,25,"London, UK",http://dimchen.com,https://x.com/myccyycy,https://pbs.twimg.com/profile_images/1667995870262968322/rwhMQb50_400x400.jpg,https://pbs.twimg.com/profile_banners/849115128/16...,false,false
996744811,David Huang,hjc4869,ä¸ªäººé¢‘é“ï¼šhttps://t.co/3wRKiAztOc,12/8/2012,true,4868,5335,164,22,856,Shanghai,http://blog.hjc.im,https://x.com/hjc4869,https://pbs.twimg.com/profile_images/1862363656572239872/fKy6Wh6p_400x400.jpg,,false,false
74286565,Microsoft,Microsoft,We're on a mission to empower every person and every organization on the planet to achieve more. Support: @MicrosoftHelps,9/15/2009,true,30957,13837101,2293,13917,3280,"Redmond, WA",https://msft.it/6006qgmm8,https://x.com/Microsoft,https://pbs.twimg.com/profile_images/1917930887674531840/MRgAH1cv_400x400.jpg,https://pbs.twimg.com/profile_banners/74286565/172...,false,true
15339596,nihui,nihui,æ˜¥é›¨ä¸ºè§‚ï¼Œé¦™æœˆä¸ºé‚» | å–œæ¬¢ç©æ¸¸æˆæ—¶çœ‹é£æ™¯ | æƒ³æˆä¸ºä¼˜ç§€çš„ç¨‹åºå‘˜ | çœ‹ä¸Šå»æ˜¯å¥³è£…å¤§ä½¬å®é™…å¹¶ä¸æ˜¯ï¼ˆ | ä¸Šæµ·è€é˜¿å§¨ | qwqwqwq,7/7/2008,true,6043,42562,925,12184,1148,Shanghai,https://github.com/nihui,https://x.com/nihui,https://pbs.twimg.com/profile_images/1081943284312727557/uQup2iDA_400x400.jpg,https://pbs.twimg.com/profile_banners/15339596/145...,false,false
161090139,Sunshine Biscuit at scale ğŸª,imbushuo,I do observability things at scale @LinkedIn. You may also know me from trackpad driver and phone/calculator firmware. I speak for myself. â¤ï¸ @Fujii_shiki,6/30/2010,false,1929,6755,403,4692,139,"Sunnyvale, CA",http://imbushuo.net/,https://x.com/imbushuo,https://pbs.twimg.com/profile_images/1445651321248313346/xeGeJV9t_400x400.jpg,https://pbs.twimg.com/profile_banners/161090139/16...,false,false
1238107182219939841,ceerRep,_ceerRep,,3/12/2020,false,8,13,12,10,2,,,https://x.com/_ceerRep,https://pbs.twimg.com/profile_images/1238107284133122049/LjrKS-kA_400x400.jpg,,false,false